name,zh
All items,所有項目
Food and beverages,食物與飲料
Food,食物
Food at home,在家食物
Cereals and bakery products,穀物與烘焙食品
Cereals and cereal products,穀物與穀物製品
Bakery products,烘焙食品
"Meats, poultry, fish, and eggs",肉類、禽肉、魚類與蛋
"Meats, poultry, and fish",肉類、禽肉與魚類
Eggs,蛋
Dairy and related products,乳製品
Milk,牛奶
Cheese and related products,起司及相關製品
Ice cream and related products,冰淇淋及相關製品
Other dairy and related products,其他乳製品
Fruits and vegetables,蔬果
Fresh fruits and vegetables,新鮮蔬果
Processed fruits and vegetables,加工蔬果
Nonalcoholic beverages and beverage materials,非酒精飲料與沖泡原料
Juices and nonalcoholic drinks,果汁與非酒精飲料
Beverage materials including coffee and tea,沖泡原料（含咖啡與茶）
Other food at home,其他在家食物
Sugar and sweets,糖與甜食
Fats and oils,油脂
Other foods,其他食品
Food away from home,外食
Full service meals and snacks,全服務餐廳餐點
Limited service meals and snacks,速食與簡易餐點
Food at employee sites and schools,員工餐廳與學校餐點
Food from vending machines and mobile vendors,販賣機與流動攤販食品
Other food away from home,其他外食
Alcoholic beverages,酒精飲料
Alcoholic beverages at home,在家飲酒
"Beer, ale, and other malt beverages at home",在家飲用的啤酒與麥芽飲料
Distilled spirits at home,在家飲用的烈酒
Wine at home,在家飲用的葡萄酒
Alcoholic beverages away from home,外出飲酒
Housing,住宅
Shelter,居住
Rent of primary residence,主要住所租金
Lodging away from home,外宿
"Housing at school, excluding board",學校住宿（不含膳食）
Other lodging away from home including hotels and motels,其他外宿（含旅館與汽車旅館）
Owners' equivalent rent of residences,自有住宅設算租金
Owners' equivalent rent of primary residence,主要住所的自有住宅設算租金
Unsampled owners' equivalent rent of secondary residences,未抽樣：第二住所的自有住宅設算租金
Tenants' and household insurance,租屋與住宅保險
Fuels and utilities,燃料與公用事業
Household energy,家庭能源
Fuel oil and other fuels,燃料油與其他燃料
Fuel oil,燃料油
"Propane, kerosene, and firewood",丙烷、煤油與木柴
Energy services,能源服務
Electricity,電力
Utility (piped) gas service,管線瓦斯
Water and sewer and trash collection services,水費、下水道與垃圾清運
Water and sewerage maintenance,自來水與下水道
Garbage and trash collection,垃圾清運
Household furnishings and operations,家具家飾與家務
Window and floor coverings and other linens,窗簾、地毯與其他布品
Floor coverings,地毯與地板覆蓋物
Window coverings,窗簾
Other linens,其他布品
Furniture and bedding,家具與寢具
Bedroom furniture,臥室家具
"Living room, kitchen, and dining room furniture",客廳、廚房與餐廳家具
Other furniture,其他家具
Unsampled furniture,未抽樣：家具
Appliances,家電
Major appliances,大型家電
Other appliances,其他家電
Unsampled appliances,未抽樣：家電
Other household equipment and furnishings,其他家用設備與家飾
"Clocks, lamps, and decorator items",時鐘、燈具與裝飾品
Indoor plants and flowers,室內植物與花卉
Dishes and flatware,餐具
Nonelectric cookware and tableware,非電器炊具與桌上用品
"Tools, hardware, outdoor equipment and supplies",工具、五金與戶外用品
"Tools, hardware and supplies",工具與五金
Outdoor equipment and supplies,戶外設備與用品
"Unsampled tools, hardware, outdoor equipment and supplies",未抽樣：工具、五金與戶外用品
Housekeeping supplies,家務用品
Household cleaning products,家用清潔用品
Household paper products,家用紙製品
Miscellaneous household products,其他家用品
Household operations,家務服務
Domestic services,家事服務
Gardening and lawncare services,園藝與草坪維護
"Moving, storage, freight expense",搬家、倉儲與運費
Repair of household items,家用品維修
Unsampled household operations,未抽樣：家務服務
Apparel,服裝
Men's and boys' apparel,男裝與男童裝
Men's apparel,男裝
"Men's suits, sport coats, and outerwear",男士西裝、休閒西裝外套與外套
"Men's underwear, nightwear, swimwear, and accessories",男士內衣、睡衣、泳裝與配件
Men's shirts and sweaters,男士襯衫與毛衣
Men's pants and shorts,男士長褲與短褲
Unsampled men's apparel,未抽樣：男裝
Boys' apparel,男童裝
Women's and girls' apparel,女裝與女童裝
Women's apparel,女裝
Women's outerwear,女士外套
Women's dresses,洋裝
Women's suits and separates,女士套裝與單品
"Women's underwear, nightwear, swimwear, and accessories",女士內衣、睡衣、泳裝與配件
Unsampled women's apparel,未抽樣：女裝
Girls' apparel,女童裝
Footwear,鞋類
Men's footwear,男鞋
Boys' and girls' footwear,童鞋
Women's footwear,女鞋
Infants' and toddlers' apparel,嬰幼兒服裝
Jewelry and watches,珠寶與手錶
Watches,手錶
Jewelry,珠寶
Transportation,交通
Private transportation,私人交通
New and used motor vehicles,新車與二手車
New vehicles,新車
Used cars and trucks,二手車
Leased cars and trucks,租賃車（長期）
Car and truck rental,租車
Unsampled new and used motor vehicles,未抽樣：新車與二手車
Motor fuel,汽車燃料
Gasoline (all types),汽油（所有種類）
Other motor fuels,其他汽車燃料
Motor vehicle parts and equipment,汽車零件與配備
Tires,輪胎
Vehicle accessories other than tires,輪胎以外的汽車配件
Motor vehicle maintenance and repair,汽車保養與維修
Motor vehicle body work,車身鈑金
Motor vehicle maintenance and servicing,汽車保養
Motor vehicle repair,汽車維修
Unsampled service policies,未抽樣：延長保固
Motor vehicle insurance,汽車保險
Motor vehicle fees,汽車相關規費
State motor vehicle registration and license fees,州政府牌照與駕照費
Parking and other fees,停車與其他費用
Unsampled motor vehicle fees,未抽樣：汽車相關規費
Public transportation,大眾運輸
Airline fares,機票
Other intercity transportation,其他城際交通
Intracity transportation,市內交通
Unsampled public transportation,未抽樣：大眾運輸
Medical care,醫療
Medical care commodities,醫療用品
Medicinal drugs,藥品
Prescription drugs,處方藥
Nonprescription drugs,非處方藥
Medical equipment and supplies,醫療器材與耗材
Medical care services,醫療服務
Professional services,專業醫療服務
Physicians' services,醫師服務
Dental services,牙科服務
Eyeglasses and eye care,眼鏡與眼科照護
Services by other medical professionals,其他醫事人員服務
Hospital and related services,醫院及相關服務
Hospital services,醫院服務
Nursing homes and adult day services,安養機構與成人日間照顧
Care of invalids and elderly at home,居家照顧（病患與長者）
Health insurance,健康保險
Recreation,娛樂
Video and audio,影音
Televisions,電視機
"Cable, satellite, and live streaming television service",有線、衛星與串流電視服務
Other video equipment,其他影像設備
"Purchase, subscription, and rental of video",影片購買、訂閱與租借
Audio equipment,音響設備
Recorded music and music subscriptions,音樂購買與訂閱
Unsampled video and audio,未抽樣：影音
"Pets, pet products and services",寵物、寵物用品與服務
Pets and pet products,寵物與寵物用品
Pet services including veterinary,寵物服務（含獸醫）
Sporting goods,運動用品
Sports vehicles including bicycles,運動用車輛（含自行車）
Sports equipment,運動器材
Unsampled sporting goods,未抽樣：運動用品
Photography,攝影
Photographic equipment and supplies,攝影器材與耗材
Photographers and photo processing,攝影服務與沖印
Unsampled photography,未抽樣：攝影
Other recreational goods,其他娛樂用品
Toys,玩具
"Sewing machines, fabric and supplies",縫紉機、布料與用品
Music instruments and accessories,樂器與配件
Unsampled recreation commodities,未抽樣：娛樂用品
Other recreation services,其他娛樂服務
"Club membership for shopping clubs, fraternal, or other organizations, or participant sports fees",會員費（量販店、社團組織）與運動參加費
Admissions,門票
Fees for lessons or instructions,課程與教學費用
Unsampled recreation services,未抽樣：娛樂服務
Recreational reading materials,休閒讀物
Newspapers and magazines,報紙與雜誌
Recreational books,休閒書籍
Unsampled recreational reading materials,未抽樣：休閒讀物
Education and communication,教育與通訊
Education,教育
Educational books and supplies,教科書與文具
"Tuition, other school fees, and childcare",學費、其他學校費用與托育
College tuition and fees,大學學雜費
Elementary and high school tuition and fees,中小學學雜費
Day care and preschool,托兒與學前教育
Technical and business school tuition and fees,技職與商業學校學費
"Unsampled tuition, other school fees, and childcare",未抽樣：學費與托育
Communication,通訊
Postage and delivery services,郵資與快遞
Postage,郵資
Delivery services,快遞服務
Information and information processing,資訊與資訊處理
Telephone services,電話服務
Wireless telephone services,行動電話服務
Residential telephone services,市內電話服務
"Information technology, hardware and services",資訊科技硬體與服務
"Computers, peripherals, and smart home assistants",電腦、週邊與智慧家庭助理
Computer software and accessories,電腦軟體與配件
Internet services and electronic information providers,網路服務與電子資訊供應商
"Telephone hardware, calculators, and other consumer information items",電話機、計算機與其他資訊用品
Unsampled information and information processing,未抽樣：資訊與資訊處理
Other goods and services,其他商品與服務
Tobacco and smoking products,菸草與吸菸用品
Cigarettes,香菸
Tobacco products other than cigarettes,香菸以外的菸草製品
Unsampled tobacco and smoking products,未抽樣：菸草製品
Personal care,個人照護
Personal care products,個人照護用品
"Hair, dental, shaving, and miscellaneous personal care products",美髮、口腔、刮鬍與其他個人照護用品
"Cosmetics, perfume, bath, nail preparations and implements",化妝品、香水、沐浴與美甲用品
Unsampled personal care products,未抽樣：個人照護用品
Personal care services,個人照護服務
Haircuts and other personal care services,理髮與其他個人照護服務
Miscellaneous personal services,其他個人服務
Legal services,法律服務
Funeral expenses,喪葬費用
Laundry and dry cleaning services,洗衣與乾洗服務
Apparel services other than laundry and dry cleaning,洗衣以外的服裝服務（修改、修補）
Financial services,金融服務
Unsampled items,未抽樣：其他項目
Miscellaneous personal goods,其他個人用品
