date,headline,core,contrib_food,contrib_energy,contrib_core_goods,contrib_core_services,weight_food,weight_energy,weight_core_goods,weight_core_services,residual,span_months
1991-12,3.064275,4.410701,0.301565,-0.610047,0.978771,2.347895,16.188,8.191,24.528,51.093,0.04609143,12
1992-01,2.600297,3.945481,0.167873,-0.517677,0.817281,2.194601,16.2836,7.9205,24.499,51.2422,-0.06178017,12
1992-02,2.818991,3.777619,0.239462,-0.280608,0.718917,2.121778,16.2236,7.5912,24.7346,51.4444,0.01944114,12
1992-03,3.185185,3.903478,0.274974,-0.058988,0.776057,2.188098,16.2354,7.3514,24.8532,51.5419,0.0050448,12
1992-04,3.180473,3.897945,0.167128,0.0,0.736163,2.219542,16.3188,7.3258,24.9133,51.4656,0.05764109,12
1992-05,3.023599,3.821656,0.071415,0.022023,0.753307,2.178416,16.2826,7.495,24.8591,51.3484,-0.00156187,12
1992-06,3.088235,3.816254,0.023735,0.175662,0.751092,2.137533,16.2822,7.5754,24.709,51.4042,0.00021399,12
1992-07,3.157122,3.732394,0.08295,0.241181,0.749989,2.065543,16.1753,7.5058,24.6342,51.673,0.01745979,12
1992-08,3.147877,3.503854,0.236307,0.182178,0.671096,2.025169,16.0689,7.4984,24.6772,51.7276,0.03312769,12
1992-09,2.988338,3.277545,0.294092,0.16687,0.62998,1.879614,15.9986,7.5164,24.7792,51.7065,0.01778217,12
1992-10,3.202329,3.544128,0.293664,0.195606,0.667188,2.013378,15.9518,7.3751,24.8575,51.8018,0.03249295,12
1992-11,3.047896,3.393352,0.245961,0.195038,0.627237,2.007533,15.9524,7.3537,24.8804,51.7535,-0.02787509,12
1992-12,2.900653,3.3241,0.234189,0.144474,0.626994,1.938952,16.0068,7.3609,24.7568,51.8755,-0.04395635,12
1993-01,3.258508,3.450656,0.304005,0.238036,0.66403,2.004079,16.0421,7.2204,24.683,52.1061,0.04835747,12
1993-02,3.246753,3.571429,0.279608,0.22999,0.699443,2.064539,16.0192,7.1153,24.764,52.1212,-0.02682665,12
1993-03,3.086863,3.415301,0.231836,0.257439,0.639501,1.95314,16.0083,7.0724,24.8465,52.095,0.00494703,12
1993-04,3.225806,3.478854,0.289379,0.25707,0.676148,1.983967,15.9853,7.1051,24.8672,52.0539,0.01924296,12
1993-05,3.221188,3.408316,0.427668,0.142612,0.581405,2.081862,15.8815,7.3017,24.8691,51.9794,-0.0123583,12
1993-06,2.99572,3.335602,0.345521,0.042631,0.504579,2.074437,15.8249,7.5244,24.7057,51.9613,0.0285522,12
1993-07,2.775801,3.190767,0.356276,-0.01418,0.447557,2.03662,15.7681,7.5154,24.6156,52.1174,-0.05047282,12
1993-08,2.767921,3.317536,0.320884,-0.01414,0.483477,2.064131,15.815,7.4516,24.5829,52.136,-0.08643206,12
1993-09,2.689314,3.241053,0.29712,-0.049349,0.370853,2.091486,15.8274,7.4658,24.6802,52.0548,-0.02079648,12
1993-10,2.750353,3.020134,0.375785,0.063225,0.388022,1.951787,15.7488,7.3411,24.741,52.1689,-0.02846592,12
1993-11,2.676056,3.081045,0.40937,-0.056121,0.405927,1.949038,15.7266,7.3308,24.7615,52.1946,-0.03215692,12
1993-12,2.748414,3.150134,0.454996,-0.105303,0.387557,2.015583,15.777,7.294,24.656,52.273,-0.00441917,12
1994-01,2.524544,2.93529,0.441444,-0.146701,0.330561,1.907049,15.8241,7.2233,24.535,52.3781,-0.00780863,12
1994-02,2.515723,2.785146,0.338386,-0.013923,0.201304,1.933151,15.7801,7.1145,24.6505,52.4572,0.0568059,12
1994-03,2.506964,2.906209,0.348448,-0.041623,0.255313,1.991722,15.7476,7.1105,24.7106,52.4051,-0.04689592,12
1994-04,2.361111,2.768622,0.313853,-0.076096,0.218231,1.921069,15.7599,7.1323,24.7329,52.3247,-0.01594542,12
1994-05,2.288488,2.834542,0.268644,-0.103624,0.326893,1.820858,15.794,7.2122,24.6441,52.3497,-0.02428297,12
1994-06,2.493075,2.898551,0.346517,-0.055189,0.435254,1.818336,15.6939,7.3471,24.4649,52.4395,-0.05184309,12
1994-07,2.770083,2.894737,0.435941,0.068987,0.435254,1.785866,15.6827,7.2988,24.3742,52.6668,0.04403563,12
1994-08,2.900552,2.883355,0.445884,0.227027,0.36171,1.845694,15.6951,7.2374,24.3792,52.7156,0.02023805,12
1994-09,2.963473,3.008502,0.433838,0.205962,0.46925,1.841878,15.696,7.2224,24.383,52.7036,0.0125459,12
1994-10,2.608099,2.931596,0.37666,0.027348,0.413397,1.834293,15.6868,7.2063,24.4443,52.6474,-0.04359911,12
1994-11,2.674897,2.794022,0.376402,0.136649,0.359229,1.833035,15.7092,7.0852,24.4994,52.7078,-0.03041665,12
1994-12,2.674897,2.59909,0.453931,0.157069,0.341202,1.704484,15.799,6.993,24.369,52.839,0.01821137,12
1995-01,2.804378,2.851588,0.419565,0.197502,0.411904,1.828109,15.8662,6.899,24.2486,52.951,-0.05270228,12
1995-02,2.862986,2.967742,0.49516,0.115382,0.464043,1.821878,15.7241,6.9229,24.2373,53.0582,-0.03347822,12
1995-03,2.853261,2.952503,0.46058,0.087934,0.44468,1.847544,15.7036,6.8927,24.3507,53.0691,0.01252363,12
1995-04,3.052917,3.078897,0.547565,0.128344,0.444077,1.94047,15.7042,6.8901,24.3709,52.9971,-0.00753872,12
1995-05,3.186441,3.076923,0.525306,0.229513,0.372771,2.002733,15.7045,6.9462,24.4077,52.9612,0.05611672,12
1995-06,3.040541,3.008963,0.479904,0.242193,0.283057,1.995967,15.6514,7.1111,24.2898,52.9407,0.0394197,12
1995-07,2.762803,3.005115,0.424223,0.087223,0.264651,2.022184,15.6854,7.1657,24.1361,52.9875,-0.03547662,12
1995-08,2.61745,2.929936,0.390013,-0.073507,0.369019,1.919633,15.6872,7.2504,24.0389,53.0259,0.01229186,12
1995-09,2.543507,2.920635,0.421383,-0.133291,0.350505,1.914493,15.6668,7.211,24.1323,52.9781,-0.00958336,12
1995-10,2.809365,3.037975,0.475089,-0.086581,0.385298,1.975941,15.6563,7.0464,24.2212,53.0995,0.05961825,12
1995-11,2.60521,3.034134,0.442105,-0.192884,0.402273,1.910656,15.6678,7.0303,24.2064,53.1225,0.04306027,12
1995-12,2.53841,3.039899,0.334454,-0.093133,0.420035,1.910386,15.838,6.965,24.082,53.115,-0.03333185,12
1996-01,2.727878,2.961563,0.376102,0.053006,0.453221,1.809182,15.85,6.9041,24.0033,53.2773,0.03636691,12
1996-02,2.650762,2.882206,0.363903,0.079193,0.416695,1.833057,15.7763,6.8436,24.0294,53.3451,-0.04208567,12
1996-03,2.840159,2.805486,0.448043,0.190752,0.432623,1.765071,15.7242,6.7881,24.1231,53.3856,0.00366985,12
1996-04,2.896643,2.675793,0.41467,0.399916,0.396703,1.697532,15.7787,6.8117,24.0954,53.3025,-0.0121791,12
1996-05,2.890933,2.674129,0.39263,0.431843,0.361494,1.694186,15.737,6.9553,24.0307,53.2591,0.01078074,12
1996-06,2.754098,2.672467,0.497765,0.248148,0.360782,1.721596,15.6637,7.1375,23.8632,53.308,-0.07419262,12
1996-07,2.95082,2.731223,0.540128,0.287329,0.343602,1.783082,15.6849,7.0591,23.7601,53.5232,-0.00332092,12
1996-08,2.877698,2.59901,0.559841,0.273551,0.239892,1.778417,15.6755,6.9951,23.8008,53.5365,0.02599673,12
1996-09,3.002611,2.652684,0.600914,0.35752,0.290727,1.774935,15.6976,6.9034,23.891,53.5235,-0.0214848,12
1996-10,2.992843,2.579853,0.630483,0.388753,0.25569,1.708155,15.699,6.7708,23.9496,53.5629,0.00976237,12
1996-11,3.255208,2.576687,0.683468,0.538125,0.255856,1.73979,15.7093,6.665,23.9993,53.6283,0.03796934,12
1996-12,3.322476,2.642901,0.673138,0.577256,0.255913,1.770982,15.7662,6.7001,23.8852,53.6485,0.04518579,12
1997-01,3.044041,2.50918,0.575106,0.535202,0.203537,1.760659,15.7893,6.7706,23.7969,53.609,-0.03046304,12
1997-02,3.034216,2.496955,0.594095,0.527047,0.236694,1.664201,15.7175,6.7423,23.8046,53.7386,0.01217848,12
1997-03,2.761721,2.486355,0.518459,0.326113,0.185018,1.715856,15.7197,6.7844,23.8673,53.613,0.01627563,12
1997-04,2.495202,2.666667,0.444163,0.0,0.251329,1.769243,15.7316,7.0068,23.7925,53.4371,0.03046687,12
1997-05,2.234994,2.543913,0.474241,-0.190729,0.26757,1.705994,15.6706,7.1778,23.6967,53.3946,-0.02208278,12
1997-06,2.297384,2.421308,0.41212,-0.050829,0.20055,1.674995,15.7224,7.1859,23.5646,53.54,0.06054739,12
1997-07,2.229299,2.416918,0.390766,-0.069756,0.200167,1.641941,15.754,7.1341,23.4028,53.7064,0.06618183,12
1997-08,2.225048,2.291918,0.400284,0.056964,0.149839,1.609013,15.7753,7.0635,23.3582,53.753,0.00894783,12
1997-09,2.154626,2.163462,0.337629,0.138804,0.099576,1.574213,15.8174,7.0475,23.4667,53.6717,0.00440454,12
1997-10,2.084649,2.275449,0.285568,0.062894,0.115805,1.628457,15.849,6.9497,23.4919,53.6503,-0.00807415,12
1997-11,1.828499,2.15311,0.264669,-0.02511,0.099074,1.566272,15.8699,6.9743,23.4804,53.6079,-0.07640522,12
1997-12,1.702396,2.215569,0.244345,-0.238736,0.09907,1.596912,15.913,7.049,23.364,53.674,0.0008043,12
1998-01,1.571339,2.208955,0.345068,-0.463446,0.082299,1.621373,15.8833,7.0957,23.2906,53.7706,-0.0139554,12
1998-02,1.441103,2.257873,0.293401,-0.618074,0.082041,1.675068,15.8335,7.061,23.3325,53.8079,0.00866625,12
1998-03,1.375,2.130178,0.312851,-0.597846,0.016367,1.641567,15.804,6.925,23.4051,53.8786,0.00206038,12
1998-04,1.435705,2.125148,0.32254,-0.503803,0.04904,1.639517,15.7843,6.8418,23.4576,53.8991,-0.07158987,12
1998-05,1.686446,2.244536,0.37317,-0.379644,0.049071,1.669837,15.7942,6.8398,23.4395,53.9328,-0.02598788,12
1998-06,1.684342,2.245863,0.352558,-0.41025,0.098019,1.667753,15.7745,6.9805,23.2306,54.0118,-0.02373941,12
1998-07,1.682243,2.241888,0.352119,-0.384906,0.146846,1.607231,15.795,6.9159,23.0874,54.1783,-0.0390463,12
1998-08,1.616915,2.476415,0.34142,-0.539102,0.244286,1.662568,15.8258,6.9711,22.9955,54.1939,-0.09225657,12
1998-09,1.488834,2.470588,0.320539,-0.692294,0.194944,1.687538,15.8166,7.0404,23.0684,54.1176,-0.02189287,12
1998-10,1.485149,2.283372,0.379698,-0.628922,0.178256,1.625314,15.8074,6.875,23.1247,54.1868,-0.06919797,12
1998-11,1.547988,2.34192,0.359937,-0.629311,0.162152,1.655361,15.8472,6.8299,23.1553,54.2203,-0.00015109,12
1998-12,1.611903,2.401875,0.34766,-0.614608,0.304683,1.606232,15.326,7.013,24.053,53.608,-0.03206334,12
1999-01,1.670792,2.39486,0.356654,-0.503689,0.287222,1.517362,15.4132,6.8385,23.9915,53.7948,0.01324358,12
1999-02,1.60593,2.091807,0.375236,-0.380289,0.168641,1.485974,15.3366,6.6518,24.065,53.9523,-0.04363138,12
1999-03,1.726264,2.085747,0.345731,-0.205877,0.134663,1.511749,15.337,6.5366,24.0879,54.0236,-0.06000182,12
1999-04,2.276923,2.196532,0.345092,0.199075,0.18482,1.508958,15.3183,6.5438,24.161,54.0093,0.0389774,12
1999-05,2.088452,2.021953,0.32532,0.115379,0.150938,1.477759,15.3379,6.6535,24.0829,53.9382,0.01905633,12
1999-06,1.96319,2.080925,0.334477,0.070423,0.150752,1.419179,15.2999,6.767,23.9194,54.0139,-0.0116412,12
1999-07,2.144608,2.077323,0.314978,0.223798,0.133838,1.474137,15.3194,6.7267,23.8232,54.1178,-0.00214337,12
1999-08,2.264382,1.898734,0.305059,0.478981,0.050128,1.415705,15.3483,6.6291,23.8441,54.2215,0.01450946,12
1999-09,2.628362,2.009185,0.333251,0.669753,0.233644,1.357415,15.3391,6.5508,23.8984,54.24,0.03429911,12
1999-10,2.560976,2.060675,0.294445,0.655394,0.249722,1.382315,15.3871,6.4458,23.94,54.2488,-0.02089981,12
1999-11,2.621951,2.059497,0.294445,0.680846,0.199778,1.438736,15.3966,6.3949,23.94,54.277,0.00814703,12
1999-12,2.684564,1.94508,0.29457,0.846421,0.049966,1.467252,15.4222,6.2941,23.9672,54.3165,0.02635444,12
2000-01,2.738892,1.996577,0.236978,0.914195,-0.016615,1.604418,15.5078,6.228,23.8757,54.3813,-8.378e-05,12
2000-02,3.221884,2.162777,0.284028,1.230126,0.082974,1.602468,15.4606,6.1697,23.8466,54.5401,0.02228938,12
2000-03,3.757576,2.440409,0.302045,1.50455,0.231622,1.681697,15.4137,6.2205,23.8075,54.5711,0.03766154,12
2000-04,3.068592,2.319005,0.299864,0.985332,0.16425,1.641728,15.3118,6.5898,23.7998,54.2605,-0.02258194,12
2000-05,3.188929,2.434881,0.337347,0.966504,0.16425,1.725206,15.3399,6.6275,23.7341,54.2605,-0.00437774,12
2000-06,3.730445,2.491506,0.346718,1.430927,0.1314,1.83651,15.3306,6.7028,23.6027,54.344,-0.01510966,12
2000-07,3.659268,2.487281,0.401734,1.314006,0.098254,1.831001,15.3033,6.8015,23.45,54.4029,0.01427235,12
2000-08,3.411131,2.597403,0.419413,0.91136,0.114356,1.937323,15.3039,6.9476,23.3612,54.3834,0.02867977,12
2000-09,3.454437,2.588633,0.398863,1.080967,0.081293,1.900548,15.2681,7.0325,23.5101,54.1518,-0.00723299,12
2000-10,3.448276,2.523836,0.370373,1.097643,0.048689,1.897158,15.2872,6.9207,23.5817,54.2202,0.03441316,12
2000-11,3.446227,2.578475,0.342392,1.103188,0.1622,1.841073,15.2873,6.8918,23.5191,54.2704,-0.0026264,12
2000-12,3.386809,2.581369,0.425931,0.98546,0.146003,1.8415,15.315,6.954,23.393,54.338,-0.01208542,12
2001-01,3.732227,2.628635,0.443133,1.2359,0.194095,1.863449,15.3343,6.9519,23.2267,54.5059,-0.0043502,12
2001-02,3.533569,2.729805,0.458879,0.939896,0.209031,1.934202,15.2623,7.169,23.1863,54.4028,-0.00843816,12
2001-03,2.920561,2.65928,0.473331,0.44478,0.14353,1.891365,15.1557,7.4455,23.1722,54.2281,-0.03244571,12
2001-04,3.269119,2.598121,0.482152,0.755075,0.111569,1.917265,15.156,7.3498,23.2543,54.2505,0.00305682,12
2001-05,3.61516,2.542841,0.472503,1.161703,0.03184,1.942001,15.2019,7.3595,23.1635,54.2681,0.00711295,12
2001-06,3.24826,2.707182,0.515232,0.659501,0.063347,2.012357,15.1225,7.8414,22.8842,54.1727,-0.0021777,12
2001-07,2.719907,2.702703,0.486985,0.162984,0.094801,1.98093,15.1597,7.8293,22.7206,54.2614,-0.00579265,12
2001-08,2.719907,2.696753,0.468949,0.211276,0.0158,2.061238,15.2138,7.5999,22.7048,54.4756,-0.03735508,12
2001-09,2.648244,2.633022,0.466519,0.114098,0.015718,2.050558,15.1529,7.8428,22.8072,54.1933,0.00135085,12
2001-10,2.126437,2.625821,0.519451,-0.431628,0.0,2.020438,15.1447,7.7513,22.8464,54.2594,0.01817605,12
2001-11,1.895462,2.786885,0.510201,-0.77888,0.0,2.152124,15.1181,7.7289,22.896,54.2548,0.01201661,12
2001-12,1.551724,2.73523,0.420705,-1.001348,-0.062765,2.17974,15.217,7.681,22.768,54.334,0.01539227,12
2002-01,1.142204,2.561308,0.435852,-1.239353,-0.171519,2.139631,15.2015,7.8949,22.5782,54.3361,-0.02240639,12
2002-02,1.137656,2.603037,0.407538,-1.246288,-0.201898,2.183732,15.1764,7.8338,22.597,54.4091,-0.00542805,12
2002-03,1.475596,2.428494,0.388934,-0.823051,-0.247925,2.152524,15.1773,7.668,22.6542,54.5219,0.00511414,12
2002-04,1.639344,2.532328,0.378591,-0.64286,-0.23151,2.170153,15.1348,7.85,22.6263,54.3845,-0.03502876,12
2002-05,1.181767,2.533693,0.289238,-1.009855,-0.199739,2.134354,15.1193,8.2256,22.3861,54.2438,-0.03223174,12
2002-06,1.067416,2.259279,0.245001,-0.914371,-0.23008,2.026817,15.1375,8.2352,22.2257,54.4123,-0.05995186,12
2002-07,1.464789,2.201933,0.219367,-0.405573,-0.292255,2.058585,15.2241,7.7823,22.2114,54.7479,-0.11533534,12
2002-08,1.802817,2.357985,0.184268,-0.211603,-0.153818,2.032527,15.2592,7.606,22.1191,55.0346,-0.04855653,12
2002-09,1.514302,2.244789,0.200912,-0.374495,-0.245005,1.997466,15.2082,7.7532,22.2342,54.7876,-0.0645757,12
2002-10,2.025886,2.238806,0.140237,0.217236,-0.261197,2.030239,15.3296,7.1688,22.3708,55.1028,-0.10062883,12
2002-11,2.198422,1.967039,0.193152,0.546949,-0.369372,1.955454,15.3292,6.8222,22.4701,55.3524,-0.12776153,12
2002-12,2.37691,1.916933,0.218596,0.664221,-0.362764,1.870578,14.688,6.218,23.86,55.234,-0.01372053,12
2003-01,2.597403,1.912859,0.142606,0.879915,-0.329041,1.866353,14.7471,6.2207,23.6416,55.4203,0.03757041,12
2003-02,2.980877,1.744186,0.200533,1.353506,-0.344133,1.755727,14.6974,6.1573,23.6304,55.5378,0.01524447,12
2003-03,3.020134,1.685985,0.20772,1.489355,-0.325912,1.668882,14.6318,6.3766,23.5635,55.4326,-0.01991089,12
2003-04,2.224694,1.471361,0.181777,0.872187,-0.42133,1.583003,14.5587,6.7032,23.5134,55.2264,0.00905671,12
2003-05,2.057842,1.577287,0.247878,0.608885,-0.437535,1.6596,14.5256,6.7416,23.4,55.303,-0.0209864,12
2003-06,2.112285,1.525513,0.313804,0.635959,-0.421096,1.607641,14.5176,6.8475,23.225,55.4253,-0.02402409,12
2003-07,2.109939,1.52391,0.305207,0.618824,-0.420628,1.605856,14.5179,6.8728,23.0536,55.5677,0.00068036,12
2003-08,2.158273,1.308901,0.361744,0.807803,-0.499853,1.498903,14.4697,6.8663,23.0255,55.6373,-0.01032428,12
2003-09,2.320442,1.2023,0.352936,1.008081,-0.547317,1.521782,14.4786,6.8713,23.1161,55.5197,-0.01503997,12
2003-10,2.040816,1.303441,0.4261,0.603847,-0.562482,1.595227,14.4628,6.8436,23.126,55.5797,-0.0218765,12
2003-11,1.76503,1.094891,0.458877,0.424325,-0.594624,1.468622,14.4874,6.8164,23.0778,55.6557,0.00782994,12
2003-12,1.879491,1.149425,0.517142,0.463463,-0.563556,1.446484,14.5539,6.7229,22.9448,55.7784,0.01595893,12
2004-01,1.926252,1.147028,0.514865,0.537421,-0.512982,1.41485,14.5061,6.9213,22.7155,55.836,-0.0279014,12
2004-02,1.693064,1.246753,0.470379,0.280123,-0.445428,1.404032,14.4601,7.294,22.6054,55.6348,-0.01604218,12
2004-03,1.737242,1.606218,0.46757,0.026774,-0.363702,1.619948,14.3979,7.636,22.5495,55.4271,-0.01334725,12
2004-04,2.285092,1.760746,0.492824,0.418585,-0.316951,1.723379,14.4131,7.4111,22.5827,55.5727,-0.03274494,12
2004-05,3.051771,1.708075,0.590738,1.080424,-0.238102,1.626127,14.469,7.2028,22.4927,55.8137,-0.00741616,12
2004-06,3.266195,1.865285,0.541594,1.245699,-0.221986,1.674337,14.5179,7.3292,22.3255,55.8529,0.02655163,12
2004-07,2.990756,1.759834,0.573303,1.045893,-0.269262,1.672516,14.5102,7.3373,22.1587,55.9918,-0.03169471,12
2004-08,2.654388,1.705426,0.514821,0.785452,-0.252462,1.616438,14.5115,7.5126,22.0431,55.9287,-0.00986113,12
2004-09,2.537797,1.96281,0.481081,0.516613,-0.125822,1.660776,14.4886,7.7013,22.0503,55.7475,0.00514932,12
2004-10,3.189189,2.007205,0.497654,1.108985,0.015745,1.563314,14.5845,7.299,22.1056,56.0311,0.00349107,12
2004-11,3.523035,2.166065,0.466809,1.363258,0.110512,1.56755,14.6803,7.1157,22.0866,56.1332,0.01490586,12
2004-12,3.255562,2.169421,0.38386,1.176419,0.128081,1.597389,14.383,7.08,22.254,56.283,-0.03018674,12
2005-01,2.969762,2.268041,0.413178,0.775122,0.191187,1.564788,14.3287,7.345,22.0662,56.2827,0.02548678,12
2005-02,3.007519,2.360185,0.364435,0.776276,0.158467,1.679907,14.275,7.4756,22.0745,56.2028,0.0284331,12
2005-03,3.148346,2.345742,0.362102,0.935076,0.125962,1.66915,14.2067,7.5599,22.0906,56.1865,0.05605652,12
2005-04,3.510638,2.239186,0.437743,1.316514,0.109865,1.614887,14.169,7.6832,22.0514,56.1296,0.03163002,12
2005-05,2.80275,2.188295,0.343576,0.801019,0.140433,1.532516,14.2088,8.0678,21.8764,55.8517,-0.01479511,12
2005-06,2.530311,2.034588,0.312046,0.610607,0.093326,1.50342,14.1791,8.3345,21.6827,55.8205,0.01091189,12
2005-07,3.167899,2.136317,0.304917,1.160423,0.109053,1.554376,14.2396,8.17,21.5301,56.1033,0.03913009,12
2005-08,3.641161,2.134146,0.312375,1.635228,0.140137,1.529281,14.2321,8.1134,21.5032,56.1707,0.02413966,12
2005-09,4.686677,1.975684,0.357335,2.799578,0.124304,1.404944,14.1945,8.0442,21.6599,56.1009,0.00051735,12
2005-10,4.347826,2.068618,0.317648,2.416702,0.077283,1.518066,14.2109,8.1784,21.7165,55.9275,0.0181274,12
2005-11,3.455497,2.120141,0.317481,1.503169,0.030897,1.613606,14.2262,8.2208,21.7205,55.85,-0.00965565,12
2005-12,3.415659,2.173913,0.333676,1.36736,0.046511,1.64326,14.295,7.991,21.674,56.04,0.02485189,12
2006-01,3.985317,2.116935,0.378382,1.950757,0.030942,1.639813,14.3104,7.8809,21.6131,56.1636,-0.0145776,12
2006-02,3.597497,2.055138,0.391261,1.60943,0.0,1.630409,14.2058,8.0059,21.5814,56.1772,-0.03360189,12
2006-03,3.362649,2.092676,0.365827,1.422915,0.061052,1.593966,14.1179,8.2304,21.536,56.0743,-0.08111151,12
2006-04,3.545735,2.289696,0.259559,1.550683,0.075805,1.701476,14.1052,8.6889,21.4073,55.7706,-0.04178868,12
2006-05,4.166667,2.440239,0.26725,2.030686,0.060706,1.845162,14.1494,8.6215,21.4142,55.8043,-0.03713741,12
2006-06,4.318766,2.642074,0.304212,2.029642,0.106182,1.962432,14.1273,8.7188,21.2363,55.8939,-0.08370085,12
2006-07,4.145343,2.689243,0.310196,1.853201,0.105692,1.976928,14.0918,9.0382,20.9724,55.8718,-0.10067511,12
2006-08,3.818737,2.835821,0.338009,1.415568,0.135198,2.060522,14.0274,9.4002,20.8806,55.6575,-0.13056089,12
2006-09,2.062374,2.930949,0.348447,-0.442935,0.103885,2.128176,13.8943,10.3517,20.8067,54.9162,-0.07519909,12
2006-10,1.305221,2.718735,0.362237,-1.142364,0.029622,2.100817,13.9171,10.1472,20.8834,55.0368,-0.04509034,12
2006-11,1.973684,2.619871,0.321349,-0.360505,-0.029862,2.071282,14.0517,9.3932,21.0226,55.529,-0.02858017,12
2006-12,2.54065,2.572984,0.296328,0.250897,-0.031861,2.029657,13.9419,8.6849,22.3188,55.0544,-0.00437078,12
2007-01,2.075643,2.669793,0.337984,-0.284099,-0.043003,2.091214,13.9225,9.0741,22.1183,54.8669,-0.02645258,12
2007-02,2.415199,2.707269,0.429504,-0.093139,0.000789,2.078552,13.8873,8.9077,22.1369,55.0763,-0.00050681,12
2007-03,2.778779,2.45144,0.455829,0.395836,-0.06967,1.959653,13.8108,8.9632,22.2033,55.0684,0.03713131,12
2007-04,2.573697,2.341119,0.502595,0.276383,-0.109691,1.91789,13.6731,9.4908,22.0471,54.784,-0.01347988,12
2007-05,2.690864,2.244045,0.533197,0.458176,-0.152035,1.871658,13.6407,9.8144,21.9073,54.6255,-0.02013149,12
2007-06,2.687038,2.221467,0.556681,0.458068,-0.171668,1.846716,13.6349,9.8886,21.7405,54.7415,-0.0027596,12
2007-07,2.358231,2.209505,0.567621,0.101441,-0.129873,1.828557,13.6296,10.0368,21.5069,54.8255,-0.0095152,12
2007-08,1.970083,2.134011,0.584924,-0.251754,-0.154528,1.77889,13.6378,9.9985,21.5109,54.8738,0.01255168,12
2007-09,2.755052,2.137066,0.612763,0.49312,-0.165642,1.813383,13.754,9.3177,21.7714,55.1666,0.0014265,12
2007-10,3.536174,2.174206,0.612932,1.236957,-0.108596,1.773559,13.8925,8.5309,21.9367,55.6697,0.02132322,12
2007-11,4.306203,2.328998,0.668974,1.819414,-0.008246,1.813143,13.892,8.5012,21.876,55.7526,0.01291863,12
2007-12,4.081269,2.438977,0.683953,1.520216,0.017711,1.863387,13.8849,8.7149,21.7348,55.6654,-0.00399765,12
2008-01,4.280294,2.465759,0.689039,1.684103,0.03361,1.879914,13.9699,8.6118,21.6265,55.7956,-0.00637223,12
2008-02,4.026555,2.273423,0.64064,1.626703,0.002927,1.761739,13.9786,8.6072,21.6157,55.8027,-0.00545359,12
2008-03,3.981456,2.354673,0.622115,1.552649,0.0,1.817452,13.8804,9.1066,21.5353,55.4819,-0.01075965,12
2008-04,3.93689,2.257609,0.70756,1.512902,0.024422,1.710418,13.8195,9.5227,21.3871,55.2749,-0.01841113,12
2008-05,4.175543,2.31271,0.701963,1.73688,0.023972,1.745864,13.802,10.0039,21.1853,55.0125,-0.03313558,12
2008-06,5.02179,2.413125,0.7374,2.48545,0.050559,1.799561,13.8197,10.0765,21.0045,55.1033,-0.05117944,12
2008-07,5.600123,2.509537,0.831544,2.897564,0.117098,1.813964,13.8696,9.9052,20.8846,55.3445,-0.06004812,12
2008-08,5.371855,2.541317,0.85763,2.602821,0.134202,1.82843,13.9474,9.5589,20.9438,55.5538,-0.0512277,12
2008-09,4.936927,2.473208,0.870145,2.203691,0.105262,1.8012,13.9811,9.5483,21.0265,55.448,-0.04337111,12
2008-10,3.655186,2.216016,0.881018,1.089563,0.023708,1.688089,14.0094,9.4348,21.0826,55.4771,-0.02719145,12
2008-11,1.069575,2.002966,0.84401,-1.313464,-0.046391,1.58764,13.9593,9.8951,20.965,55.1849,-0.00222005,12
2008-12,0.091413,1.763077,0.80982,-2.066531,-0.121268,1.469569,13.833,9.698,21.602,54.867,-0.00017828,12
2009-01,0.029847,1.680132,0.736294,-1.989538,-0.112685,1.395707,13.892,9.7369,21.4692,54.9019,6.839e-05,12
2009-02,0.236191,1.785698,0.666569,-1.794747,-0.008266,1.372511,13.8882,9.7019,21.4804,54.9298,0.00012415,12
2009-03,-0.383556,1.755978,0.606599,-2.326716,0.091967,1.244457,13.7833,10.1095,21.4069,54.7006,0.0001367,12
2009-04,-0.736886,1.899014,0.46194,-2.636984,0.201078,1.236535,13.8125,10.4709,21.2929,54.4241,0.0005447,12
2009-05,-1.281436,1.834743,0.374511,-3.034594,0.251755,1.126591,13.7589,11.1146,21.0434,54.0832,0.00030171,12
2009-06,-1.426776,1.730433,0.288873,-3.005004,0.305815,0.983576,13.6981,11.7961,20.7221,53.7839,-3.621e-05,12
2009-07,-2.097161,1.529774,0.125119,-3.358942,0.284035,0.852268,13.7579,11.9564,20.5564,53.7297,0.00035977,12
2009-08,-1.484349,1.441268,0.059538,-2.62081,0.225565,0.85157,13.8851,11.3824,20.6758,54.0569,-0.0002118,12
2009-09,-1.286206,1.510177,-0.03071,-2.387516,0.326004,0.806004,13.9861,11.0445,20.8145,54.1551,1.183e-05,12
2009-10,-0.182848,1.708575,-0.078661,-1.399423,0.478509,0.816517,14.1965,10.013,21.0465,54.7443,0.00020986,12
2009-11,1.838296,1.704739,-0.098195,0.621081,0.554517,0.760774,14.4744,8.3736,21.3929,55.7592,0.00011854,12
2009-12,2.721331,1.816289,-0.078092,1.387236,0.64047,0.771731,14.6291,7.6241,21.4612,56.2856,-1.443e-05,12
2010-01,2.625709,1.553625,-0.053322,1.481502,0.616054,0.588933,14.6237,7.7447,21.3503,56.2813,-0.00745859,12
2010-02,2.143332,1.34001,-0.028285,1.1348,0.525499,0.513828,14.5202,7.8881,21.4216,56.1701,-0.00251011,12
2010-03,2.313959,1.106847,0.028546,1.432778,0.416972,0.445014,14.445,7.8123,21.5817,56.1609,-0.0093513,12
2010-04,2.236447,0.923142,0.069606,1.461181,0.255305,0.462287,14.3801,7.8917,21.6536,56.0743,-0.0119315,12
2010-05,2.020986,0.942372,0.101742,1.202167,0.231537,0.497824,14.3166,8.1844,21.5717,55.9269,-0.01228383,12
2010-06,1.053349,0.903855,0.096314,0.271434,0.208231,0.483558,14.1891,8.9179,21.3324,55.5607,-0.00618753,12
2010-07,1.235193,0.869843,0.121661,0.453716,0.210819,0.454199,14.1801,8.7812,21.287,55.7516,-0.00520262,12
2010-08,1.148105,0.890271,0.139428,0.333734,0.284667,0.395569,14.1544,8.8931,21.2164,55.7362,-0.00529294,12
2010-09,1.143683,0.804045,0.195116,0.336474,0.170603,0.446432,14.137,8.7693,21.416,55.6776,-0.00494232,12
2010-10,1.172188,0.610698,0.20091,0.508946,0.025633,0.443293,14.1434,8.6289,21.5645,55.663,-0.0065954,12
2010-11,1.143161,0.768205,0.217791,0.343877,-0.041494,0.629169,14.1164,8.8318,21.5514,55.5002,-0.0061822,12
2010-12,1.495724,0.804454,0.208878,0.661751,-0.082058,0.706899,13.7381,8.5531,21.2762,56.4326,0.0002543,12
2011-01,1.631847,0.950083,0.254027,0.642138,-0.041407,0.77737,13.7692,8.7652,21.1656,56.2999,-0.00028031,12
2011-02,2.107585,1.092012,0.315788,0.9438,0.000148,0.847924,13.7597,8.6126,21.247,56.3805,-7.509e-05,12
2011-03,2.681603,1.19018,0.395736,1.364161,0.034307,0.887573,13.7193,8.8099,21.2614,56.2091,-0.000174,12
2011-04,3.163631,1.334744,0.433441,1.696874,0.153599,0.879316,13.7072,8.9194,21.1907,56.1828,0.00040037,12
2011-05,3.568646,1.510446,0.474967,1.925509,0.259815,0.908216,13.7063,8.9705,21.133,56.19,0.00013849,12
2011-06,3.558828,1.638759,0.509203,1.780657,0.34769,0.921284,13.7099,8.866,21.0784,56.3455,-5.48e-06,12
2011-07,3.628716,1.76536,0.574936,1.687268,0.385392,0.980928,13.701,8.894,20.9987,56.4065,0.00019261,12
2011-08,3.771208,1.951244,0.628342,1.632832,0.433445,1.076652,13.7052,8.8939,21.0199,56.3807,-6.3e-05,12
2011-09,3.868357,1.974701,0.646324,1.69182,0.420724,1.109135,13.7425,8.7775,21.1045,56.3754,0.00035499,12
2011-10,3.5252,2.100154,0.648262,1.250474,0.445401,1.181006,13.7503,8.806,21.102,56.3417,5.722e-05,12
2011-11,3.394378,2.153307,0.633785,1.093553,0.471135,1.195571,13.7446,8.845,21.0296,56.381,0.00033218,12
2011-12,2.962419,2.229536,0.644042,0.597635,0.453079,1.267858,13.742,9.079,20.882,56.297,-0.00019563,12
2012-01,2.925217,2.277463,0.603786,0.566984,0.453696,1.295519,13.7986,9.2562,20.7852,56.1604,0.00523206,12
2012-02,2.871099,2.176574,0.535098,0.65195,0.422221,1.250278,13.7855,9.3591,20.8087,56.0468,0.01155081,12
2012-03,2.651398,2.255353,0.453982,0.452812,0.43191,1.292894,13.747,9.9083,20.7397,55.6051,0.01979953,12
2012-04,2.30274,2.313513,0.429378,0.090974,0.40692,1.354633,13.7075,10.2906,20.6899,55.3118,0.02083501,12
2012-05,1.704254,2.257119,0.383871,-0.406878,0.335101,1.377055,13.6932,10.5205,20.6559,55.1304,0.01510442,12
2012-06,1.663994,2.217963,0.37462,-0.404604,0.281656,1.401852,13.731,10.2807,20.69,55.2984,0.01047037,12
2012-07,1.408451,2.100247,0.320646,-0.512794,0.234175,1.356848,13.7766,10.2107,20.6355,55.3775,0.00957604,12
2012-08,1.692379,1.913456,0.27692,-0.056422,0.13777,1.310889,13.8132,10.1441,20.6739,55.3689,0.02322153,12
2012-09,1.991282,1.98463,0.223808,0.235486,0.142081,1.362564,13.8534,10.0794,20.7238,55.3432,0.02734274,12
2012-10,2.162344,1.99918,0.232459,0.387952,0.136997,1.384586,13.9088,9.714,20.8139,55.5636,0.02035067,12
2012-11,1.764134,1.941294,0.247418,0.031035,0.095752,1.379887,13.9069,9.6122,20.7951,55.6859,0.01004157,12
2012-12,1.741022,1.893358,0.252941,0.048874,0.062306,1.376708,14.308,9.679,19.852,56.161,0.00019403,12
2013-01,1.594865,1.925303,0.226335,-0.096159,0.071649,1.389948,14.3294,9.8292,19.7696,56.075,0.00309124,12
2013-02,1.977924,2.004257,0.233927,0.226456,0.062705,1.454946,14.2555,10.0224,19.7726,55.9494,-0.00011095,12
2013-03,1.473896,1.887337,0.215429,-0.165355,0.00977,1.413913,14.1667,10.3951,19.7596,55.6786,0.00013904,12
2013-04,1.063085,1.715198,0.218845,-0.448677,-0.010408,1.303541,14.1509,10.4511,19.7569,55.641,-0.00021641,12
2013-05,1.361965,1.68117,0.19359,-0.102328,-0.034465,1.305072,14.1739,10.2412,19.7734,55.8114,9.611e-05,12
2013-06,1.754417,1.636078,0.196429,0.317719,-0.045486,1.28555,14.2083,10.0047,19.763,56.024,0.00020439,12
2013-07,1.960682,1.696006,0.205402,0.467794,-0.03551,1.323171,14.2356,9.8489,19.7165,56.1989,-0.00017563,12
2013-08,1.518368,1.764583,0.196933,-0.01204,-0.005997,1.339798,14.1887,10.2162,19.6068,55.9881,-0.00032686,12
2013-09,1.184925,1.734119,0.19449,-0.317712,-0.010746,1.319143,14.1342,10.4156,19.6003,55.8497,-0.00024933,12
2013-10,0.963613,1.680244,0.180625,-0.487749,-0.029464,1.300574,14.1747,10.1835,19.6472,55.9944,-0.00037332,12
2013-11,1.237072,1.720984,0.166447,-0.237296,-0.039472,1.347708,14.2433,9.7592,19.6675,56.3297,-0.00031494,12
2013-12,1.501736,1.717071,0.150726,0.043777,-0.014709,1.321906,14.312,9.561,19.574,56.553,3.475e-05,12
2014-01,1.578947,1.621246,0.153434,0.201172,-0.06226,1.296844,14.3275,9.5798,19.5303,56.5628,-0.01024187,12
2014-02,1.126349,1.56734,0.198848,-0.247245,-0.077226,1.265514,14.2087,10.0496,19.4511,56.2908,-0.01354175,12
2014-03,1.512203,1.656712,0.243849,0.039505,-0.064759,1.320288,14.1735,10.0807,19.4827,56.2631,-0.0266793,12
2014-04,1.952858,1.83205,0.269918,0.321864,-0.053208,1.44406,14.2188,9.8968,19.5393,56.3454,-0.0297761,12
2014-05,2.127112,1.956207,0.348663,0.330051,-0.040593,1.525579,14.1746,10.0022,19.4742,56.3489,-0.03658896,12
2014-06,2.072341,1.933316,0.33085,0.319597,-0.039181,1.505189,14.1566,10.144,19.378,56.3213,-0.04411373,12
2014-07,1.992329,1.858917,0.36054,0.26312,-0.055199,1.466607,14.1635,10.1179,19.303,56.4159,-0.04273964,12
2014-08,1.699611,1.72374,0.382312,0.03779,-0.074692,1.385027,14.1707,10.0511,19.3081,56.4704,-0.03082547,12
2014-09,1.657919,1.728838,0.423781,-0.057664,-0.051267,1.365941,14.1611,9.9792,19.3606,56.4992,-0.02287283,12
2014-10,1.66434,1.80769,0.436053,-0.152141,-0.035756,1.415734,14.2185,9.6028,19.4309,56.7481,0.00045017,12
2014-11,1.322355,1.702495,0.452279,-0.45554,-0.099057,1.404427,14.2339,9.4051,19.3887,56.9725,0.02024649,12
2014-12,0.756493,1.606383,0.47343,-0.954847,-0.154956,1.393137,13.891,9.046,19.71,57.353,-0.00027063,12
2015-01,-0.089348,1.648914,0.446017,-1.803401,-0.155724,1.423563,13.8979,9.2049,19.6031,57.2942,0.00019682,12
2015-02,-0.02513,1.697766,0.409942,-1.73979,-0.100045,1.404332,13.8893,9.2664,19.5956,57.249,0.00043183,12
2015-03,-0.073637,1.753386,0.325244,-1.742656,-0.045051,1.388495,13.846,9.5305,19.5655,57.0583,0.00033002,12
2015-04,-0.199517,1.80751,0.274634,-1.857876,-0.037883,1.421584,13.8544,9.5816,19.5493,57.0149,2.383e-05,12
2015-05,-0.039933,1.718278,0.219846,-1.57371,-0.058079,1.371729,13.8638,9.6716,19.4635,57.0014,0.00028088,12
2015-06,0.123771,1.762283,0.248616,-1.470659,-0.084716,1.430497,13.837,9.7998,19.3789,56.9847,3.348e-05,12
2015-07,0.16957,1.804836,0.226721,-1.435694,-0.096216,1.474733,13.8828,9.73,19.3028,57.0846,2.716e-05,12
2015-08,0.195079,1.827559,0.220863,-1.424795,-0.093869,1.493145,13.9505,9.4834,19.3439,57.2221,-0.00026523,12
2015-09,-0.03613,1.891635,0.228816,-1.715733,-0.101318,1.551866,13.9868,9.33,19.4282,57.2552,0.00023929,12
2015-10,0.170574,1.909671,0.222743,-1.523503,-0.137282,1.608952,14.0528,8.8867,19.5134,57.5471,-0.00033556,12
2015-11,0.501798,2.017572,0.179462,-1.239951,-0.108374,1.670565,14.1306,8.4439,19.4726,57.9529,9.635e-05,12
2015-12,0.72952,2.095697,0.111691,-1.010788,-0.080907,1.70924,14.257,8.03,19.408,58.305,0.00028512,12
2016-01,1.373087,2.206915,0.121886,-0.478728,-0.018811,1.746214,14.3571,7.4078,19.4646,58.7703,0.00252683,12
2016-02,1.0178,2.331277,0.122924,-0.939532,0.012709,1.809202,14.3033,7.5281,19.5003,58.668,0.0124957,12
2016-03,0.852536,2.194826,0.111418,-0.978814,-0.069155,1.780673,14.1821,7.7932,19.5346,58.4898,0.00841354,12
2016-04,1.12511,2.146384,0.131843,-0.686181,-0.097948,1.773933,14.1577,7.7388,19.5502,58.5533,0.00346266,12
2016-05,1.019323,2.240634,0.095748,-0.818538,-0.103526,1.848759,14.0896,8.1007,19.4129,58.3964,-0.00312165,12
2016-06,0.997326,2.24465,0.045739,-0.784382,-0.121981,1.868276,14.0686,8.3184,19.2701,58.3429,-0.01032545,12
2016-07,0.827139,2.189444,0.031422,-0.900552,-0.117105,1.822997,14.086,8.2799,19.1738,58.4601,-0.00962442,12
2016-08,1.062875,2.318968,0.002741,-0.743881,-0.088019,1.898552,14.1442,8.0425,19.2124,58.6009,-0.00651891,12
2016-09,1.463784,2.207438,-0.040896,-0.21867,-0.123788,1.854669,14.2212,7.6166,19.3337,58.8283,-0.00753113,12
2016-10,1.635988,2.144804,-0.056022,0.01077,-0.10602,1.793861,14.2516,7.3502,19.3429,59.0553,-0.00660168,12
2016-11,1.692537,2.110827,-0.049947,0.080853,-0.136411,1.80467,14.239,7.1676,19.2674,59.3257,-0.00662826,12
2016-12,2.074622,2.196662,-0.033355,0.369015,-0.115896,1.855096,14.015,6.816,19.613,59.556,-0.00023823,12
2017-01,2.500042,2.271723,-0.021956,0.721264,-0.048775,1.849693,14.033,6.6857,19.6081,59.6731,-0.00018458,12
2017-02,2.737958,2.223624,-0.000508,0.968977,-0.096928,1.866695,14.0309,6.3796,19.7451,59.8442,-0.00027829,12
2017-03,2.380612,2.001965,0.066653,0.72286,-0.113227,1.704156,13.9246,6.609,19.7293,59.7373,0.00016955,12
2017-04,2.19969,1.882652,0.074107,0.632623,-0.120742,1.613802,13.8832,6.8216,19.6628,59.6324,-9.992e-05,12
2017-05,1.874878,1.733429,0.120008,0.382758,-0.148448,1.520314,13.7965,7.0511,19.5388,59.6136,0.00024624,12
2017-06,1.633488,1.703028,0.120448,0.168192,-0.125189,1.47026,13.7304,7.2965,19.3799,59.593,-0.00022316,12
2017-07,1.727978,1.692069,0.147817,0.241645,-0.122324,1.460539,13.7566,7.1587,19.3199,59.7649,0.00030116,12
2017-08,1.938974,1.684402,0.15401,0.451528,-0.165925,1.4997,13.7532,7.064,19.3432,59.8394,-0.00033924,12
2017-09,2.232964,1.692592,0.170368,0.723151,-0.193314,1.53287,13.7312,7.1318,19.353,59.7838,-0.00011046,12
2017-10,2.041129,1.773548,0.182049,0.454757,-0.189621,1.593882,13.7227,7.0842,19.3473,59.8459,6.144e-05,12
2017-11,2.202583,1.711291,0.190366,0.654969,-0.172627,1.53009,13.7087,6.9719,19.2301,60.0892,-0.00021408,12
2017-12,2.109082,1.775751,0.217395,0.484012,-0.135744,1.543352,13.698,7.039,19.101,60.162,6.8e-05,12
2018-01,2.070508,1.821395,0.226818,0.400222,-0.125309,1.564489,13.6698,7.2264,19.0825,60.0213,0.00428717,12
2018-02,2.211795,1.847553,0.190756,0.553032,-0.095927,1.55313,13.6571,7.1527,19.1247,60.0654,0.01080524,12
2018-03,2.359711,2.117076,0.175791,0.503289,-0.062802,1.731061,13.6665,7.1614,19.1602,60.0118,0.01237213,12
2018-04,2.462744,2.13915,0.189764,0.573851,-0.070099,1.75468,13.6575,7.2938,19.1216,59.927,0.01454782,12
2018-05,2.801012,2.237179,0.168401,0.850576,-0.049053,1.81873,13.6609,7.297,19.0337,60.0079,0.01235814,12
2018-06,2.871548,2.255033,0.195326,0.878983,-0.044554,1.835011,13.6287,7.3448,18.9454,60.0809,0.00678136,12
2018-07,2.949515,2.354169,0.192948,0.881817,-0.007081,1.88236,13.6688,7.2747,18.8717,60.1845,-0.00052805,12
2018-08,2.69918,2.19916,0.195204,0.753571,-0.038699,1.79389,13.6432,7.3726,18.8127,60.1715,-0.00478589,12
2018-09,2.276972,2.169676,0.184207,0.372361,-0.060734,1.788937,13.5984,7.6834,18.7413,59.9765,-0.00779881,12
2018-10,2.52247,2.138875,0.162313,0.658192,-0.018088,1.726532,13.6271,7.3881,18.7747,60.2099,-0.00647885,12
2018-11,2.176601,2.214271,0.190174,0.232627,0.032142,1.741671,13.6001,7.4626,18.6469,60.2903,-0.02001212,12
2018-12,1.910159,2.178989,0.211597,-0.025201,0.026856,1.696807,13.384,7.513,19.849,59.254,0.00010079,12
2019-01,1.551235,2.153646,0.214901,-0.3653,0.065737,1.635675,13.371,7.6193,19.848,59.1615,0.0002213,12
2019-02,1.520135,2.084189,0.261401,-0.388098,0.02714,1.619553,13.3056,7.6878,19.8955,59.1111,0.00013888,12
2019-03,1.862523,2.036554,0.281756,-0.029817,-0.007698,1.618079,13.2811,7.6357,19.9383,59.1449,0.00020219,12
2019-04,1.99644,2.06478,0.235824,0.131282,-0.038336,1.667397,13.2725,7.8301,19.8705,59.0269,0.00027231,12
2019-05,1.790228,1.988977,0.261626,-0.036952,-0.039268,1.604637,13.2117,8.082,19.7355,58.9708,0.00018542,12
2019-06,1.648485,2.126528,0.251881,-0.276217,0.030493,1.642198,13.1976,8.1519,19.635,59.0155,0.00012957,12
2019-07,1.811465,2.210054,0.235969,-0.164175,0.079903,1.659535,13.2236,8.0792,19.5825,59.1146,0.00023242,12
2019-08,1.74978,2.386323,0.225682,-0.354158,0.164207,1.713805,13.2334,8.0687,19.5359,59.1618,0.00024464,12
2019-09,1.711305,2.357708,0.236709,-0.381661,0.129772,1.72672,13.2345,8.0318,19.519,59.2143,-0.0002364,12
2019-10,1.764043,2.314495,0.27389,-0.333448,0.060092,1.763289,13.2094,8.0032,19.5514,59.2361,0.0002196,12
2019-11,2.051278,2.316821,0.265119,-0.045316,0.024499,1.807344,13.2549,7.6799,19.5366,59.5283,-0.00036764,12
2019-12,2.28513,2.258736,0.241143,0.252518,0.010923,1.780676,13.341,7.347,19.503,59.809,-0.00013028,12
2020-01,2.486572,2.261247,0.242093,0.444458,-0.04906,1.845901,13.3786,7.1428,19.6093,59.8692,0.00318032,12
2020-02,2.334874,2.356825,0.241801,0.199093,-0.000543,1.868617,13.3641,7.1899,19.624,59.8219,0.02590485,12
2020-03,1.539327,2.091385,0.257494,-0.428502,-0.037244,1.689084,13.3151,7.4664,19.5659,59.6526,0.05849562,12
2020-04,0.329097,1.432155,0.465046,-1.382744,-0.166179,1.296327,13.2441,7.805,19.4436,59.5069,0.11664772,12
2020-05,0.117926,1.222057,0.5297,-1.494587,-0.199983,1.167721,13.2366,7.9031,19.3495,59.5107,0.11507551,12
2020-06,0.645733,1.187414,0.600196,-0.979721,-0.207978,1.153153,13.2316,7.7475,19.3462,59.6746,0.08008182,12
2020-07,0.986082,1.569626,0.542019,-0.867434,-0.10054,1.347342,13.2203,7.7737,19.3122,59.6935,0.06469487,12
2020-08,1.309645,1.736388,0.546142,-0.685401,0.078217,1.292814,13.2279,7.5814,19.3611,59.8293,0.07787399,12
2020-09,1.371325,1.713279,0.522748,-0.578169,0.200398,1.148092,13.2448,7.521,19.3179,59.9163,0.07825522,12
2020-10,1.182066,1.610585,0.520331,-0.692951,0.224467,1.042428,13.2498,7.5364,19.2713,59.9426,0.08779114,12
2020-11,1.174536,1.646499,0.49028,-0.705696,0.270465,1.031355,13.2484,7.4806,19.1676,60.1034,0.08813018,12
2020-12,1.362005,1.619643,0.54061,-0.466842,0.337727,0.950086,13.7709,6.7059,20.1368,59.3864,0.00042438,12
2021-01,1.39977,1.410129,0.521678,-0.2437,0.342597,0.779176,13.7828,6.6819,20.1449,59.3903,1.86e-05,12
2021-02,1.676215,1.282608,0.499508,0.153984,0.269717,0.752677,13.7882,6.517,20.24,59.4548,0.00032891,12
2021-03,2.619763,1.646391,0.480388,0.824043,0.342546,0.972907,13.8622,6.256,20.3,59.5817,-0.00012095,12
2021-04,4.159695,2.961039,0.336421,1.452761,0.88995,1.480258,14.1706,5.7776,20.2806,59.7711,0.00030523,12
2021-05,4.992707,3.797606,0.306667,1.649271,1.306656,1.729752,14.2597,5.7774,20.1886,59.7743,0.00036061,12
2021-06,5.391451,4.474619,0.340025,1.485816,1.738157,1.82734,14.2524,6.0693,20.0708,59.6071,0.00011353,12
2021-07,5.365475,4.274513,0.48697,1.471905,1.701601,1.705124,14.133,6.1726,20.0799,59.6143,-0.00012526,12
2021-08,5.251272,4.000283,0.526941,1.533958,1.558764,1.631822,14.0999,6.1437,20.2529,59.5031,-0.00021225,12
2021-09,5.390349,4.025214,0.645881,1.534715,1.477862,1.731753,14.0847,6.1817,20.3228,59.4107,0.00013706,12
2021-10,6.221869,4.562838,0.752004,1.829584,1.708764,1.931404,14.1136,6.1046,20.3373,59.4445,0.00011301,12
2021-11,6.809003,4.928509,0.860332,2.012031,1.902786,2.033774,14.0825,6.0439,20.2787,59.5948,7.953e-05,12
2021-12,7.036403,5.453411,0.885918,1.803185,2.159187,2.188577,14.119,6.155,20.2,59.526,-0.00046394,12
2022-01,7.479872,6.020648,0.980623,1.712902,2.355592,2.428156,14.1068,6.3491,20.2052,59.3392,0.00260004,12
2022-02,7.871064,6.414206,1.109765,1.676321,2.481669,2.602595,14.052,6.5607,20.1722,59.2151,0.0007127,12
2022-03,8.542456,6.474479,1.229736,2.211015,2.363333,2.756452,13.9763,6.899,20.1161,59.0089,-0.01808117,12
2022-04,8.258629,6.160573,1.306666,2.101133,1.980167,2.896203,13.9275,6.9413,20.3257,58.8055,-0.02553948,12
2022-05,8.581512,6.021537,1.407834,2.447159,1.738184,3.025297,13.8735,7.0732,20.4737,58.5796,-0.0369617,12
2022-06,9.059758,5.916943,1.445454,2.983726,1.481773,3.19458,13.8458,7.1683,20.6939,58.292,-0.04577493,12
2022-07,8.524815,5.910885,1.516859,2.388871,1.442053,3.223666,13.8753,7.2549,20.673,58.1971,-0.046634,12
2022-08,8.262693,6.322203,1.580195,1.737024,1.463301,3.522951,13.8969,7.2943,20.7241,58.085,-0.04077886,12
2022-09,8.20167,6.630604,1.570752,1.448638,1.370637,3.858116,13.977,7.3214,20.6863,58.0155,-0.04647274,12
2022-10,7.745427,6.284422,1.532302,1.316945,1.053936,3.897286,13.9947,7.4691,20.7554,57.7811,-0.05504168,12
2022-11,7.110323,5.957829,1.487177,0.985419,0.764018,3.933884,13.9901,7.5421,20.768,57.7001,-0.06017635,12
2022-12,6.454401,5.707835,1.39181,0.537175,0.465952,4.059296,13.37,7.348,21.699,57.583,0.00016915,12
2023-01,6.410147,5.582596,1.356679,0.644948,0.314241,4.107053,13.3881,7.4131,21.8044,57.3944,-0.01277378,12
2023-02,6.035613,5.537754,1.271649,0.391803,0.223638,4.154389,13.4053,7.5466,21.8149,57.2329,-0.00586573,12
2023-03,4.984974,5.589603,1.135617,-0.532931,0.328617,4.051199,13.3612,8.2948,21.513,56.8308,0.00247175,12
2023-04,4.93032,5.519416,1.026872,-0.418098,0.430997,3.892493,13.421,8.2549,21.4029,56.921,-0.00194436,12
2023-05,4.047609,5.329805,0.898177,-1.010664,0.432217,3.720821,13.4226,8.6653,21.2493,56.6627,0.00705899,12
2023-06,2.969178,4.828967,0.76782,-1.539859,0.277344,3.46306,13.3723,9.1997,21.1217,56.3058,0.00081276,12
2023-07,3.17778,4.652862,0.657251,-1.095163,0.160967,3.457441,13.527,8.7822,21.1677,56.5229,-0.00271547,12
2023-08,3.665112,4.349245,0.580029,-0.298166,0.04978,3.352685,13.6345,8.2444,21.2883,56.8324,-0.01921636,12
2023-09,3.699698,4.146534,0.506004,-0.036073,0.004689,3.249362,13.7045,8.0104,21.1751,57.1097,-0.02428447,12
2023-10,3.241145,4.03087,0.45366,-0.365039,0.019941,3.141695,13.7442,8.059,21.0261,57.1705,-0.00911185,12
2023-11,3.137271,4.007343,0.406429,-0.427692,0.009601,3.144121,13.7814,7.8682,20.8818,57.4681,0.00481122,12
2023-12,3.352123,3.929853,0.365992,-0.140012,0.037183,3.088746,13.531,6.921,21.361,58.187,0.00021451,12
2024-01,3.090885,3.861744,0.347032,-0.322406,-0.061135,3.118386,13.521,7.0757,21.3252,58.0782,0.0090081,12
2024-02,3.153171,3.752496,0.301752,-0.132667,-0.063361,3.036796,13.5063,6.9953,21.323,58.1752,0.0106519,12
2024-03,3.477385,3.801281,0.301512,0.146487,-0.138833,3.144653,13.4741,6.9081,21.3441,58.2737,0.02356565,12
2024-04,3.357364,3.609982,0.297153,0.182446,-0.271307,3.114626,13.4356,6.9784,21.3475,58.2384,0.03444641,12
2024-05,3.269029,3.41874,0.286362,0.253598,-0.373522,3.061658,13.4304,6.8741,21.3784,58.3173,0.04093214,12
2024-06,2.971397,3.267295,0.297197,0.069079,-0.391416,2.953866,13.3999,6.9508,21.3209,58.3282,0.04267095,12
2024-07,2.894753,3.171279,0.291822,0.0743,-0.401148,2.875296,13.4145,6.9614,21.2078,58.4162,0.05448359,12
2024-08,2.53073,3.197002,0.274535,-0.285053,-0.391737,2.876531,13.38,7.1623,21.1175,58.3401,0.05645477,12
2024-09,2.440633,3.311273,0.303875,-0.491889,-0.201463,2.777271,13.3717,7.1852,20.9538,58.4892,0.05283917,12
2024-10,2.597905,3.332905,0.286195,-0.33868,-0.209567,2.797294,13.4191,6.9633,20.9139,58.7034,0.0626631,12
2024-11,2.74938,3.318614,0.319177,-0.214514,-0.120766,2.693204,13.4231,6.7408,20.7812,59.0548,0.0722801,12
2024-12,2.888057,3.238145,0.339782,-0.034884,-0.100773,2.684683,13.555,6.655,18.891,60.899,-0.00075094,12
2025-01,3.000483,3.258371,0.339308,0.0645,-0.025228,2.62516,13.561,6.6446,18.8202,60.9744,-0.00325714,12
2025-02,2.821549,3.117441,0.351756,-0.011331,-0.021896,2.506391,13.4942,6.7481,18.8049,60.953,-0.00337053,12
2025-03,2.390725,2.789446,0.397157,-0.224874,-0.018938,2.24122,13.4203,6.9151,18.698,60.9668,-0.00383996,12
2025-04,2.311289,2.779123,0.369576,-0.26277,0.024254,2.189462,13.3942,7.0275,18.6058,60.9727,-0.00923361,12
2025-05,2.354897,2.78694,0.385603,-0.242306,0.052239,2.170716,13.3899,7.0008,18.5587,61.0506,-0.01135439,12
2025-06,2.669213,2.934455,0.398081,-0.057119,0.130216,2.210176,13.4094,6.9149,18.5455,61.1305,-0.01214132,12
2025-07,2.704902,3.05939,0.384904,-0.107769,0.216029,2.225047,13.4284,6.9357,18.4504,61.1854,-0.01330896,12
2025-08,2.916174,3.110147,0.428022,0.015239,0.283629,2.19996,13.4252,6.8035,18.4439,61.3276,-0.01067555,12
2025-09,3.012677,3.019224,0.4183,0.188651,0.284626,2.129054,13.4577,6.6274,18.4838,61.4315,-0.00795392,12
2025-11,2.735084,2.633353,0.357092,0.273232,0.255215,1.865404,13.4827,6.4426,18.3467,61.7284,-0.01585875,11
2025-12,2.677081,2.639384,0.419843,0.143081,0.275344,1.83862,13.691,6.216,19.388,60.705,0.00019382,11
2026-01,2.386431,2.50369,0.393421,-0.008688,0.216372,1.78733,13.6815,6.2927,19.3717,60.6539,-0.00200242,11
2026-02,2.414113,2.456557,0.417744,0.030103,0.192925,1.7729,13.6517,6.3296,19.3931,60.6255,0.00044126,11
2026-03,3.25642,2.595012,0.366377,0.790862,0.228957,1.84749,13.681,6.3124,19.3669,60.6395,0.02273371,11
2026-04,3.810845,2.75018,0.434169,1.14153,0.218343,1.981604,13.6383,6.3876,19.3311,60.6426,0.0351989,11
2026-05,4.248674,2.850914,0.42045,1.501856,0.205098,2.075629,13.6442,6.379,19.303,60.6735,0.04564088,11
2026-06,3.531425,2.594072,0.410949,1.013262,0.158052,1.915458,13.634,6.4529,19.3109,60.6019,0.0337044,11
2026-07,3.364825,2.478266,0.40612,0.946284,0.155731,1.826107,13.635,6.4225,19.2946,60.6476,0.03058393,11
2026-08,3.396548,2.44598,0.364773,1.041851,0.131634,1.824789,13.6463,6.4008,19.3181,60.6349,0.03350088,11
