date,headline,core,contrib_food_home,contrib_food_away,contrib_energy_cmdty,contrib_energy_svc,contrib_core_goods,contrib_shelter,contrib_supercore,weight_food_home,weight_food_away,weight_energy_cmdty,weight_energy_svc,weight_core_goods,weight_shelter,weight_supercore,residual,span_months
1991-01,0.372578,0.649351,0.045062,0.008975,-0.256754,0.072269,0.214986,0.181565,0.135269,10.094,6.094,4.571,3.62,24.528,27.035,24.058,-0.02879427,1
1991-02,0.074239,0.501792,0.0,0.013373,-0.305086,0.013148,0.13546,0.072389,0.156221,10.229,6.0622,4.2293,3.6946,24.499,27.1278,24.1196,-0.01126598,1
1991-03,0.0,0.21398,0.015054,0.008908,-0.189559,-0.00327,0.03886,0.072378,0.059643,10.1614,6.0711,3.9011,3.6891,24.7346,27.1961,24.2527,-0.00201416,1
1991-04,0.222552,0.284698,0.075213,0.022254,-0.022616,-0.029232,0.077971,0.072367,0.04797,10.1688,6.0754,3.6901,3.6605,24.8532,27.2641,24.2586,-0.02137477,1
1991-05,0.370096,0.283889,0.037549,0.022238,0.049643,0.022596,0.077915,0.054051,0.10811,10.2284,6.0931,3.7156,3.6089,24.9133,27.2238,24.2315,-0.00200611,1
1991-06,0.294985,0.353857,0.074548,0.013294,-0.042706,-0.029339,0.038752,0.071713,0.122363,10.1908,6.0929,3.828,3.6673,24.8591,27.1435,24.2029,0.04635934,1
1991-07,0.147059,0.352609,-0.103682,0.022107,-0.066682,0.030255,0.096144,0.071597,0.137255,10.1979,6.0926,3.8244,3.7516,24.709,27.1712,24.2226,-0.03993513,1
1991-08,0.293686,0.421644,-0.073948,0.013245,0.050675,-0.016795,0.095482,0.071822,0.128304,10.0792,6.1057,3.7344,3.7789,24.6342,27.3282,24.3215,0.02490198,1
1991-09,0.292826,0.349895,0.007368,0.013206,0.00774,0.020062,0.057167,0.089572,0.128181,9.9684,6.101,3.7579,3.745,24.6772,27.3374,24.3842,-0.03047019,1
1991-10,0.145985,0.209205,-0.02932,0.008759,-0.015475,0.020007,0.01909,0.088947,0.053984,9.9248,6.0831,3.7643,3.7546,24.7792,27.2356,24.4728,-6.57e-06,1
1991-11,0.437318,0.347947,0.05851,0.008746,0.053702,0.006475,0.095679,0.106442,0.085637,9.8736,6.083,3.717,3.6647,24.8575,27.2492,24.5216,0.02212525,1
1991-12,0.290276,0.346741,0.014564,0.013081,0.030594,0.019043,0.03816,0.105858,0.090955,9.8889,6.0741,3.7593,3.5991,24.8804,27.2054,24.5421,-0.02197995,1
1992-01,0.072359,0.276434,-0.058362,0.008718,-0.101433,-0.009574,0.037912,0.070472,0.064552,9.9215,6.0853,3.723,3.638,24.7568,27.2725,24.6025,0.06007328,1
1992-02,0.21692,0.206754,0.059012,0.008699,-0.014829,-0.006413,0.037742,0.070643,0.116495,9.973,6.0809,3.5737,3.6456,24.683,27.4096,24.6822,-0.05442973,1
1992-03,0.36075,0.343879,0.043904,0.004334,0.007308,-0.009533,0.075615,0.088099,0.100878,9.9515,6.0676,3.508,3.6067,24.764,27.4163,24.7102,0.05014498,1
1992-04,0.215672,0.27416,-0.014593,0.004315,-0.00364,0.022092,0.056727,0.035107,0.123232,9.9668,6.0457,3.5016,3.5726,24.8465,27.4011,24.6748,-0.00756862,1
1992-05,0.215208,0.341763,-0.036456,0.008618,0.029514,0.006253,0.094409,0.052451,0.08427,9.9453,6.0414,3.5453,3.561,24.8672,27.3269,24.7365,-0.02385025,1
1992-06,0.286328,0.20436,0.028975,0.008606,0.083776,0.012656,0.037623,0.121898,0.041511,9.8443,6.0413,3.69,3.6103,24.8691,27.2703,24.7011,-0.04871777,1
1992-07,0.28551,0.339905,-0.014383,0.004291,0.022938,0.003264,0.07464,0.034748,0.105029,9.802,6.0327,3.7887,3.7375,24.7057,27.3296,24.6173,0.05498305,1
1992-08,0.213523,0.203252,0.093152,0.008563,-0.01896,0.00652,0.018536,0.069657,0.083589,9.7523,6.024,3.7806,3.7358,24.6156,27.4275,24.6845,-0.04753366,1
1992-09,0.213068,0.135227,0.057121,0.012808,-0.011277,0.019453,0.055492,0.0,0.070399,9.8106,6.0155,3.729,3.7221,24.5829,27.4362,24.7073,0.00907139,1
1992-10,0.42523,0.472654,-0.007105,0.004254,0.045118,0.006487,0.055586,0.138174,0.155196,9.8186,6.007,3.7185,3.7431,24.6802,27.2722,24.767,0.02751907,1
1992-11,0.282287,0.268817,-0.028297,0.008478,0.011116,0.040848,0.037065,0.068757,0.119859,9.7697,5.99,3.7091,3.6323,24.741,27.2792,24.8665,0.02446005,1
1992-12,0.140746,0.268097,0.0,0.004233,0.011133,0.006173,0.055561,0.051365,0.065018,9.7417,5.99,3.7259,3.6084,24.7615,27.2408,24.9572,-0.05273811,1
1993-01,0.35137,0.334225,0.02841,0.016941,-0.01091,-0.009305,0.0368,0.085518,0.116112,9.78,5.997,3.662,3.632,24.656,27.263,25.01,0.08780543,1
1993-02,0.210084,0.333111,0.035645,0.008429,0.003582,-0.049638,0.07313,0.068379,0.120625,9.8452,5.9844,3.5964,3.6236,24.535,27.3343,25.0375,-0.0500672,1
1993-03,0.139762,0.132802,-0.007079,0.008399,-0.021287,0.058476,0.018314,0.034134,0.047633,9.8108,5.9719,3.5655,3.5455,24.6505,27.358,25.0861,0.00117254,1
1993-04,0.348918,0.397878,0.035371,0.012555,-0.017674,0.01831,0.07338,0.119199,0.087364,9.7978,5.9595,3.5313,3.5735,24.7106,27.3307,25.0465,0.02041375,1
1993-05,0.278164,0.264201,0.105891,0.008347,-0.068006,0.024263,0.018307,0.067714,0.151047,9.8126,5.9555,3.5578,3.5697,24.7329,27.2886,25.0234,-0.02939965,1
1993-06,0.069348,0.197628,-0.056074,0.012503,-0.040451,0.015302,0.0,0.084316,0.089611,9.848,5.9555,3.5855,3.6266,24.6441,27.2508,25.0672,-0.03585823,1
1993-07,0.1386,0.131492,-0.00697,0.008324,-0.040856,0.006331,0.018095,0.016871,0.098758,9.7365,5.9598,3.5805,3.7667,24.4649,27.3481,25.08,0.03804768,1
1993-08,0.207612,0.328299,0.048752,0.008324,-0.011089,0.009496,0.054045,0.050769,0.078131,9.7225,5.9681,3.5226,3.7729,24.3742,27.4494,25.1964,-0.03081498,1
1993-09,0.138122,0.065445,0.020821,0.008301,-0.040215,0.012594,-0.071915,0.067588,0.109818,9.7375,5.9599,3.4731,3.7625,24.3792,27.4577,25.2316,0.0311298,1
1993-10,0.413793,0.327011,0.055409,0.008284,0.161058,0.003155,0.072139,0.0504,0.084258,9.7382,5.9559,3.4371,3.7823,24.383,27.3674,25.3261,-0.02090988,1
1993-11,0.274725,0.325945,0.027591,0.008249,-0.046834,-0.018314,0.072107,0.066883,0.105158,9.7535,5.9396,3.5414,3.6627,24.4443,27.2881,25.3432,0.05988475,1
1993-12,0.205479,0.259909,0.048252,0.004122,-0.054116,0.006008,0.018014,0.116678,0.098009,9.7745,5.9438,3.4995,3.5868,24.4994,27.2694,25.4512,-0.03148821,1
1994-01,0.0,0.129618,0.013829,0.008241,-0.04955,-0.015105,-0.017905,0.049915,0.049746,9.853,5.946,3.38,3.613,24.369,27.337,25.503,-0.03917166,1
1994-02,0.273411,0.194175,-0.027834,0.004109,0.077218,0.018136,-0.03566,0.116648,0.085627,9.9296,5.938,3.3028,3.6001,24.2486,27.4289,25.5055,0.03516532,1
1994-03,0.272665,0.322997,-0.013792,0.008191,-0.013879,0.020963,0.053543,0.06659,0.065262,9.8132,5.9218,3.3415,3.5848,24.2373,27.5183,25.5423,0.08578721,1
1994-04,0.067981,0.128783,0.013784,0.012244,-0.013831,-0.023778,0.035784,0.049862,0.075308,9.7936,5.9099,3.3159,3.5786,24.3507,27.5407,25.5182,-0.0813919,1
1994-05,0.203804,0.257235,0.034413,0.008152,-0.052624,-0.008873,0.107282,0.049645,0.043139,9.794,5.9141,3.3504,3.5375,24.3709,27.4703,25.5371,0.02267055,1
1994-06,0.271186,0.320718,0.041123,0.008146,0.028766,-0.005982,0.124802,0.049492,0.091538,9.7874,5.9182,3.38,3.5683,24.4077,27.4351,25.5037,-0.0666992,1
1994-07,0.338066,0.191816,0.081569,0.004059,0.09051,0.00309,0.017652,0.049414,0.065325,9.7475,5.9063,3.4322,3.6798,24.2898,27.4413,25.4649,0.0264464,1
1994-08,0.404313,0.255265,0.047422,0.012145,0.143611,0.006168,-0.017528,0.13173,0.096238,9.796,5.8945,3.4933,3.6759,24.1361,27.4823,25.4755,-0.01547321,1
1994-09,0.201342,0.254615,0.006747,0.012096,-0.021272,-0.015319,0.05241,0.082048,0.066345,9.804,5.8828,3.5915,3.6581,24.0389,27.5189,25.4947,0.01828672,1
1994-10,0.066979,0.190476,-0.006739,0.008043,-0.021259,-0.009198,0.0,0.081585,0.060146,9.798,5.8791,3.5679,3.6454,24.1323,27.4452,25.5141,-0.04559949,1
1994-11,0.267738,0.253485,0.013459,0.016074,0.01753,0.008943,0.017564,0.065186,0.075766,9.778,5.8832,3.5096,3.5355,24.2212,27.492,25.6045,0.05321462,1
1994-12,0.200267,0.063211,0.121053,0.01204,-0.003512,-0.008818,0.0,0.016236,0.093267,9.7851,5.8914,3.5328,3.495,24.2064,27.4553,25.6398,-0.02999909,1
1995-01,0.266489,0.442198,-0.020232,0.012041,-0.031039,0.020652,0.034901,0.064827,0.164962,9.934,5.904,3.466,3.499,24.082,27.422,25.693,0.02037646,1
1995-02,0.265781,0.251572,0.047404,0.007995,0.0,0.002936,0.034737,0.081047,0.098021,9.9548,5.8924,3.4069,3.5028,24.0033,27.491,25.7915,-0.00635888,1
1995-03,0.198807,0.313676,-0.040197,0.019908,-0.016913,0.0,0.034725,0.080962,0.083844,9.8951,5.877,3.3691,3.4771,24.0294,27.5434,25.8181,0.03647766,1
1995-04,0.396825,0.312695,0.107056,0.007937,0.010113,-0.00578,0.03481,0.097003,0.106004,9.8425,5.8774,3.3407,3.4509,24.1231,27.5813,25.8145,0.03968238,1
1995-05,0.197628,0.187032,0.0,0.011866,0.034087,-0.017239,0.03472,0.096402,0.083759,9.9164,5.866,3.3883,3.4248,24.0954,27.5066,25.8108,-0.04596639,1
1995-06,0.197239,0.248911,0.0,0.007895,0.05619,0.005794,0.017288,0.063992,0.077146,9.8637,5.8662,3.5259,3.4357,24.0307,27.4844,25.7922,-0.03106595,1
1995-07,0.131234,0.18622,0.006594,0.01182,-0.066636,0.0,0.017155,0.095966,0.049835,9.8046,5.8626,3.5773,3.5664,23.8632,27.5423,25.7865,0.01649923,1
1995-08,0.196592,0.247831,0.0,0.01182,-0.045389,0.033022,0.102414,0.048094,0.066704,9.8112,5.8744,3.495,3.5664,23.7601,27.7022,25.8529,-0.02007293,1
1995-09,0.130804,0.247219,0.046096,0.007859,-0.048328,-0.050889,0.0,0.079993,0.084044,9.7987,5.8708,3.4106,3.5892,23.8008,27.6936,25.8524,0.01202896,1
1995-10,0.261267,0.308261,0.026307,0.015688,-0.013811,0.035953,0.051268,0.095528,0.063428,9.8323,5.8672,3.3629,3.5414,23.891,27.6393,25.9087,-0.01309407,1
1995-11,0.130293,0.184388,-0.00656,0.007818,-0.054561,-0.005801,0.034189,0.063442,0.055246,9.8331,5.8637,3.3077,3.4631,23.9496,27.6288,25.9405,0.0365189,1
1995-12,0.130124,0.06135,0.032798,0.007823,0.054598,0.011463,0.017106,0.079172,0.021467,9.8264,5.8754,3.2554,3.416,23.9993,27.6468,26.0068,-0.09430333,1
1996-01,0.519818,0.367872,0.039442,0.007827,0.141329,0.014365,0.068049,0.094816,0.067842,9.8801,5.8861,3.264,3.436,23.8852,27.6705,25.9775,0.08614833,1
1996-02,0.193924,0.183262,0.026314,0.011672,-0.0066,0.022831,0.016901,0.047321,0.108079,9.9271,5.8595,3.3398,3.4276,23.7969,27.7145,25.9292,-0.0325958,1
1996-03,0.322581,0.243902,0.058666,0.011635,0.082066,-0.014177,0.050684,0.06307,0.063165,9.8625,5.8523,3.3155,3.428,23.8046,27.751,25.9972,0.0074712,1
1996-04,0.385852,0.121655,0.045454,0.015433,0.154508,0.033734,-0.016903,0.062853,0.031211,9.8831,5.8338,3.4025,3.3846,23.8673,27.718,25.9219,0.0595618,1
1996-05,0.192184,0.243013,-0.025891,0.015374,0.030056,0.013946,0.0,0.06247,0.131459,9.8968,5.8267,3.6134,3.3916,23.7925,27.6116,25.8348,-0.03522899,1
1996-06,0.191816,0.242424,0.090268,0.011508,-0.072115,-0.030932,0.0,0.062209,0.095398,9.8327,5.8309,3.7466,3.4335,23.6967,27.5587,25.8661,0.03548019,1
1996-07,0.191449,0.181378,0.032092,0.019168,-0.058004,0.040853,0.016701,0.14004,0.039944,9.878,5.8387,3.6508,3.5309,23.5646,27.6345,25.9115,-0.03934543,1
1996-08,0.127389,0.18105,0.038487,0.011479,-0.044041,0.017484,-0.016574,0.03113,0.079392,9.9041,5.8467,3.5673,3.5667,23.4028,27.7836,25.9321,0.01003062,1
1996-09,0.318066,0.301205,0.057659,0.015276,0.013413,-0.005812,0.082772,0.046658,0.134733,9.9301,5.847,3.4874,3.5741,23.3582,27.7926,25.965,-0.02663274,1
1996-10,0.317058,0.18018,0.063945,0.026649,0.046707,-0.002904,0.0,0.061806,0.067194,9.969,5.8437,3.483,3.5656,23.4667,27.6582,26.0241,0.05366099,1
1996-11,0.316056,0.239808,0.044591,0.018975,0.069308,0.014082,0.033181,0.077013,0.049866,9.9948,5.8518,3.4918,3.4558,23.4919,27.6324,26.0405,0.00903905,1
1996-12,0.252048,0.119617,0.006346,0.011363,0.098824,0.027769,0.0,0.061323,0.099748,10.0014,5.8597,3.5544,3.4211,23.4804,27.5802,26.0513,-0.05332584,1
1997-01,0.188561,0.238949,-0.050932,0.011367,0.02594,0.061164,0.032953,0.09177,0.0184,10.04,5.873,3.596,3.453,23.364,27.577,26.097,-0.00210243,1
1997-02,0.188206,0.178784,0.051096,0.011331,-0.025697,0.008309,0.049205,0.076533,0.03933,10.0211,5.8659,3.588,3.501,23.2906,27.6897,26.0675,-0.02190232,1
1997-03,0.062617,0.178465,-0.006327,0.015061,-0.083394,-0.035924,-0.016397,0.061203,0.083466,9.9771,5.8588,3.5571,3.5012,23.3325,27.7557,26.0539,0.04492879,1
1997-04,0.062578,0.296912,-0.018944,0.007512,-0.099694,-0.0192,0.065837,0.061151,0.066623,9.9521,5.8592,3.4829,3.4395,23.4051,27.7931,26.0892,-0.00070605,1
1997-05,0.0,0.17762,0.012622,0.003751,-0.108298,-0.032602,0.01645,0.060974,0.064144,9.9271,5.8594,3.4524,3.3879,23.4576,27.7736,26.1197,-0.0170412,1
1997-06,0.187617,0.118203,0.012614,0.011261,0.043864,0.032993,-0.049277,0.076098,0.045869,9.9333,5.8668,3.4382,3.3956,23.4395,27.791,26.1463,0.01419625,1
1997-07,0.124844,0.177096,0.012566,0.018744,-0.056513,-0.005689,0.0,0.076086,0.084748,9.9083,5.8707,3.4307,3.5471,23.2306,27.8628,26.1473,-0.00509813,1
1997-08,0.249377,0.058928,0.043982,0.011233,0.135644,-0.019966,-0.032426,0.076198,0.004157,9.9211,5.8821,3.358,3.5511,23.0874,27.9801,26.2167,0.03055449,1
1997-09,0.248756,0.235571,0.012551,0.014949,0.062119,0.034061,0.016171,0.045658,0.092173,9.9529,5.8823,3.4525,3.5139,22.9955,28.0189,26.1826,-0.02892596,1
1997-10,0.186104,0.235018,0.012512,0.014912,-0.042236,0.00567,0.016211,0.090794,0.104509,9.9344,5.8827,3.4926,3.5439,23.0684,27.904,26.2045,-0.01626746,1
1997-11,0.123839,0.117233,0.018745,0.014875,-0.061173,0.035847,0.0,0.075474,0.011156,9.9348,5.883,3.4193,3.4524,23.1247,27.9255,26.2694,0.02891489,1
1997-12,0.061843,0.234192,0.0,0.014884,-0.032245,-0.065645,0.0,0.120508,0.065645,9.9472,5.9015,3.3631,3.46,23.1553,27.9427,26.2801,-0.04130428,1
1998-01,0.123609,0.233645,0.060552,0.007145,-0.122927,-0.024219,0.033782,0.063145,0.053645,9.646,5.68,3.256,3.757,24.053,29.41,24.198,0.05248564,1
1998-02,0.0,0.174825,-0.018223,0.014263,-0.100713,-0.051115,0.033649,0.094951,0.065816,9.737,5.6766,3.1284,3.7073,23.9915,29.5455,24.2547,-0.03862773,1
1998-03,0.0,0.17452,0.012073,0.010677,-0.122062,0.008987,-0.033705,0.047489,0.064423,9.6585,5.6803,3.0109,3.6427,24.065,29.6489,24.2969,0.01211762,1
1998-04,0.123457,0.174216,0.0,0.010658,-0.066201,0.011901,0.033784,0.094953,0.046718,9.6527,5.6805,2.9097,3.6268,24.0879,29.6888,24.3345,-0.0083562,1
1998-05,0.246609,0.231884,0.036086,0.014184,0.0518,0.0,0.033839,0.094627,0.05845,9.6349,5.6806,2.9202,3.6201,24.161,29.6812,24.3188,-0.04237539,1
1998-06,0.123001,0.173511,-0.017998,0.003539,0.039265,-0.017891,0.0,0.062835,0.047047,9.6472,5.6843,3.0037,3.6467,24.0829,29.658,24.2846,0.00620526,1
1998-07,0.2457,0.17321,0.023983,0.01414,0.0,-0.012388,0.066907,0.062857,0.04163,9.6233,5.6809,2.9969,3.7692,23.9194,29.7315,24.2738,0.04856993,1
1998-08,0.122549,0.288184,0.029924,0.014123,-0.06673,-0.012434,0.049839,0.094369,0.02706,9.6295,5.688,2.9552,3.7706,23.8232,29.8206,24.3109,-0.01360151,1
1998-09,0.0612,0.114943,-0.011962,0.021158,-0.022242,-0.027833,-0.066372,0.125736,0.086264,9.6536,5.6952,2.8883,3.7389,23.8441,29.8937,24.3229,-0.04354998,1
1998-10,0.244648,0.114811,0.07766,0.007044,0.018874,-0.009283,0.0,0.093891,0.023865,9.6299,5.7093,2.8374,3.7132,23.8984,29.8885,24.3578,0.03259702,1
1998-11,0.122026,0.229358,0.011919,0.010541,-0.037699,0.009005,-0.016706,0.078011,0.020013,9.6839,5.7024,2.8525,3.593,23.94,29.8936,24.3515,0.04694254,1
1998-12,0.182815,0.343249,0.005952,0.014054,-0.063039,0.002977,0.150461,0.077808,0.069531,9.6839,5.713,2.8242,3.572,23.94,29.8936,24.3871,-0.07492788,1
1999-01,0.182482,0.114025,0.035719,0.017578,-0.01863,-0.002976,0.049897,0.0,0.046399,9.6917,5.7304,2.72,3.574,23.9672,29.912,24.405,0.05449491,1
1999-02,0.0,0.0,0.023915,0.010521,-0.049266,0.014781,-0.099206,0.046673,0.043036,9.7692,5.734,2.6788,3.5473,23.8757,29.9638,24.4359,0.00954672,1
1999-03,0.060716,0.056948,-0.023755,0.014011,0.077129,-0.002933,-0.099499,0.062316,0.060709,9.7276,5.7375,2.6347,3.534,23.8466,30.0519,24.4875,-0.02726231,1
1999-04,0.667476,0.341491,0.011841,0.010476,0.323126,-0.005848,0.116377,0.108947,0.07785,9.6745,5.7341,2.705,3.5204,23.8075,30.085,24.4739,0.02470587,1
1999-05,0.060277,0.113443,0.023498,0.003467,-0.034712,-0.005795,0.0,0.046283,0.048641,9.6105,5.7031,3.1051,3.4831,23.7998,29.9294,24.352,-0.02110344,1
1999-06,0.0,0.056657,-0.005874,0.0,-0.022428,0.0,0.0,0.076979,0.0,9.634,5.7066,3.1175,3.5098,23.7341,29.914,24.354,-0.04867607,1
1999-07,0.421687,0.283126,0.0,0.017335,0.126516,0.009115,0.049206,0.061646,0.076927,9.6223,5.7066,3.0554,3.6461,23.6027,30.0218,24.3464,0.08094019,1
1999-08,0.239952,0.112931,0.011706,0.017283,0.162263,0.018278,-0.032524,0.04619,0.038999,9.5934,5.7068,3.1392,3.6647,23.45,30.0546,24.3722,-0.02224345,1
1999-09,0.418911,0.282008,0.035078,0.006897,0.111819,0.03329,0.113562,0.107574,0.038134,9.5938,5.7103,3.2862,3.6589,23.3612,30.0439,24.3679,-0.0274423,1
1999-10,0.178784,0.168729,0.023246,0.013727,0.006137,0.006027,0.016247,0.03048,0.093439,9.5714,5.69,3.3567,3.6767,23.5101,29.9008,24.2732,-0.01051858,1
1999-11,0.178465,0.168445,0.017424,0.010277,-0.03363,0.002924,-0.065143,0.076064,0.096062,9.5892,5.6936,3.3507,3.5735,23.5817,29.8779,24.3407,0.07448589,1
1999-12,0.23753,0.168161,0.005794,0.010271,0.16913,-0.026152,0.0,0.075826,0.082625,9.5835,5.7004,3.3365,3.5538,23.5191,29.8601,24.4145,-0.07996385,1
2000-01,0.296209,0.335758,-0.011605,0.013698,0.066251,0.005801,-0.0162,0.151292,0.05061,9.603,5.712,3.433,3.521,23.393,29.865,24.473,0.03636191,1
2000-02,0.413467,0.055772,0.04659,0.013657,0.184263,0.043125,0.0,0.060553,0.041327,9.6267,5.7087,3.4534,3.496,23.2267,30.0344,24.4997,0.02395219,1
2000-03,0.588235,0.334448,0.017285,0.010183,0.329866,0.005684,0.048204,0.10561,0.07827,9.57,5.6887,3.6705,3.4986,23.1863,29.9932,24.4163,-0.00686657,1
2000-04,-0.05848,0.166667,0.011415,0.006733,-0.217553,0.014083,0.048075,0.060005,0.069227,9.4974,5.6523,3.9756,3.4729,23.1722,29.9274,24.311,-0.05046448,1
2000-05,0.175541,0.221852,0.045607,0.006729,-0.061438,0.0,0.0,0.07485,0.083137,9.4976,5.6557,3.8737,3.4795,23.2543,29.9249,24.3299,0.02665718,1
2000-06,0.584112,0.221361,0.005701,0.010082,0.335409,0.090575,-0.031972,0.089536,0.061742,9.5435,5.6558,3.8541,3.5041,23.1635,29.905,24.3699,0.02303941,1
2000-07,0.29036,0.220872,0.056611,0.016715,-0.033634,0.064443,0.03163,0.089202,0.073919,9.4823,5.6363,4.1247,3.7201,22.8842,29.8825,24.2844,-0.00852568,1
2000-08,0.0,0.220386,0.02824,0.013341,-0.202174,-0.005869,-0.01568,0.074273,0.116464,9.5169,5.64,4.0374,3.7913,22.7206,29.9467,24.3274,-0.00859465,1
2000-09,0.521135,0.219901,0.005651,0.016676,0.2528,0.073144,0.06272,0.089171,0.051273,9.5508,5.6533,3.8251,3.7742,22.7048,30.0356,24.4547,-0.03030091,1
2000-10,0.172811,0.164564,-0.005622,0.009954,-0.041561,0.066862,-0.047122,0.088402,0.04305,9.507,5.6406,4.0225,3.8227,22.8072,29.8652,24.3558,0.05884845,1
2000-11,0.172513,0.273823,0.011238,0.003312,-0.017754,-0.00848,0.078835,0.088293,0.049486,9.4962,5.6408,3.968,3.7822,22.8464,29.9168,24.3614,-0.03241755,1
2000-12,0.229621,0.10923,0.055992,0.013242,-0.032725,0.087184,-0.015747,0.058627,0.103881,9.4739,5.6409,3.9717,3.7545,22.896,29.8849,24.3866,-0.04083186,1
2001-01,0.572738,0.327332,0.011233,0.019875,0.008708,0.286586,0.031339,0.102396,0.081309,9.5594,5.6576,3.843,3.838,22.768,29.885,24.449,0.03129251,1
2001-02,0.22779,0.271887,0.067329,0.013166,-0.057245,0.0,0.015518,0.087518,0.054266,9.5607,5.6418,3.7982,4.098,22.5782,29.902,24.4325,0.04723783,1
2001-03,0.056818,0.16269,0.027828,0.016393,-0.107511,-0.030228,-0.01552,0.145709,0.057266,9.5504,5.6325,3.7978,4.034,22.597,29.9577,24.4505,-0.03711715,1
2001-04,0.170358,0.216567,0.022173,0.013084,0.063758,-0.027356,0.0,0.058292,0.067801,9.5399,5.6361,3.6806,3.9857,22.6542,30.1076,24.4476,-0.02739426,1
2001-05,0.510204,0.10805,0.016545,0.013033,0.333027,0.035416,-0.062203,0.116009,0.05845,9.5132,5.6268,3.9116,3.9421,22.6263,30.0174,24.3787,-7.316e-05,1
2001-06,0.225606,0.377766,0.038497,0.016217,-0.084626,-0.00273,0.015428,0.129672,0.109574,9.5033,5.6144,4.2374,3.9853,22.3861,29.9399,24.3151,0.00357301,1
2001-07,-0.168824,0.215054,0.02742,0.01619,-0.393836,-0.05383,0.061228,0.072022,0.067232,9.5148,5.6212,4.0995,4.1336,22.2257,30.0621,24.3731,0.03474978,1
2001-08,0.0,0.160944,0.022011,0.019483,-0.07366,-0.062991,-0.106785,0.130129,0.103367,9.5746,5.6532,3.6594,4.123,22.2114,30.2477,24.5176,-0.03155348,1
2001-09,0.394589,0.214247,0.0,0.012988,0.286232,-0.074276,0.045795,0.043417,0.087734,9.5911,5.6727,3.5545,4.0509,22.1191,30.4064,24.6299,-0.00730296,1
2001-10,-0.280741,0.160342,0.038346,0.016163,-0.381408,-0.085185,-0.030626,0.071764,0.071799,9.5536,5.6602,3.7996,3.9526,22.2342,30.1982,24.5862,0.0184058,1
2001-11,-0.056306,0.373533,0.0,0.006487,-0.350851,-0.002765,0.061712,0.172815,0.06967,9.6353,5.6955,3.4021,3.7664,22.3708,30.3722,24.7482,-0.01337316,1
2001-12,-0.056338,0.15949,-0.021985,0.006498,-0.145348,-0.021981,-0.061816,0.129402,0.062154,9.6241,5.7116,3.0843,3.7395,22.4701,30.4957,24.8636,-0.00326163,1
2002-01,0.169109,0.159236,0.03393,0.014136,0.029943,-0.023055,-0.098731,0.073167,0.074539,8.468,6.22,2.752,3.466,23.86,31.169,24.065,0.06518069,1
2002-02,0.168824,0.211977,0.014575,0.021157,-0.027335,-0.007656,-0.032745,0.161211,0.033376,8.5214,6.2201,2.7936,3.4297,23.6416,31.2896,24.1293,0.00624077,1
2002-03,0.280899,0.052882,0.024127,0.003512,0.214902,0.007539,-0.065549,0.043917,0.06939,8.4782,6.2166,2.7882,3.3697,23.6304,31.4151,24.1321,-0.01693833,1
2002-04,0.448179,0.264271,0.023965,0.003493,0.216554,0.0,0.049159,0.102184,0.076463,8.4452,6.1854,3.0262,3.3535,23.5635,31.3704,24.0584,-0.02363684,1
2002-05,0.111545,0.158144,-0.057066,0.013893,0.020195,0.0,-0.048952,0.058012,0.101242,8.403,6.1544,3.3696,3.3322,23.5134,31.2683,23.9652,0.02422226,1
2002-06,0.05571,0.105263,-0.014291,0.020839,0.008603,-0.02257,0.0,0.07238,0.060554,8.3601,6.1683,3.3696,3.3705,23.4,31.2683,24.0411,-0.06980516,1
2002-07,0.222717,0.157729,0.004756,0.010414,0.048081,0.0,-0.016151,0.043444,0.11452,8.3317,6.1857,3.3317,3.5191,23.225,31.3521,24.0676,0.01765354,1
2002-08,0.277778,0.314961,-0.009506,0.010402,0.033586,0.0,0.032086,0.115882,0.114496,8.3319,6.1893,3.3446,3.5305,23.0536,31.404,24.1649,-0.01916863,1
2002-09,0.166205,0.104657,0.014203,0.013823,0.022204,0.013169,-0.032002,0.072218,0.062907,8.29,6.1791,3.3501,3.5162,23.0255,31.4293,24.2009,-0.00031818,1
2002-10,0.221239,0.104548,-0.018906,0.013801,0.146493,0.026235,-0.064345,0.057441,0.074985,8.2905,6.1826,3.3583,3.5155,23.1161,31.3197,24.2187,-0.01446302,1
2002-11,0.165563,0.208877,0.033088,0.006889,-0.018933,0.012643,-0.048415,0.086058,0.050257,8.272,6.1862,3.4297,3.4135,23.126,31.3396,24.2622,0.04397628,1
2002-12,0.165289,0.104221,0.009438,0.010333,-0.008166,0.024968,-0.048415,0.071453,0.07558,8.2909,6.1931,3.4324,3.3831,23.0778,31.3109,24.3303,0.03009819,1
2003-01,0.440044,0.156169,0.00474,-0.006903,0.324998,0.01245,-0.048237,0.085693,0.07553,8.3379,6.2159,3.324,3.399,22.9448,31.3635,24.4156,-0.00822807,1
2003-02,0.547645,0.051975,0.056792,0.027489,0.301229,0.069936,-0.047856,0.0,0.055426,8.3295,6.1817,3.4958,3.4219,22.7155,31.4258,24.4084,0.08462923,1
2003-03,0.163399,0.0,0.014065,0.01023,-0.01031,0.17411,-0.047724,0.0,0.050018,8.3079,6.1617,3.8663,3.4282,22.6054,31.2992,24.3387,-0.0269899,1
2003-04,-0.380642,0.0,0.004655,0.00339,-0.382619,-0.012158,-0.031805,0.0,0.061623,8.2629,6.1351,4.0596,3.5721,22.5495,31.197,24.2273,-0.02372774,1
2003-05,-0.163755,0.207792,0.013957,0.013588,-0.399661,0.0,-0.079741,0.170304,0.099058,8.2623,6.1518,3.8407,3.5674,22.5827,31.2508,24.3173,0.01874155,1
2003-06,0.109349,0.05184,0.060646,0.01361,0.017752,0.002466,0.0,-0.014183,0.059574,8.2991,6.1755,3.5918,3.6107,22.4927,31.4011,24.4315,-0.03051541,1
2003-07,0.32769,0.207254,-0.00931,0.013595,0.142579,-0.005156,0.0,0.08512,0.079918,8.3414,6.1824,3.5499,3.7765,22.3255,31.3952,24.4464,0.02094268,1
2003-08,0.435493,0.103413,0.046549,0.010185,0.30832,0.005167,-0.047113,0.070952,0.044664,8.3323,6.1892,3.5569,3.7798,22.1587,31.4884,24.5116,-0.0032319,1
2003-09,0.325203,0.051653,0.023161,0.006764,0.247898,0.030722,-0.093934,0.056546,0.080972,8.3378,6.1759,3.7566,3.7506,22.0431,31.4394,24.483,-0.02692512,1
2003-10,-0.10805,0.154879,0.041531,0.016856,-0.24462,-0.030474,-0.078639,0.098237,0.079932,8.3293,6.1626,3.9516,3.7508,22.0503,31.2674,24.4899,0.00912698,1
2003-11,0.054083,0.0,0.060221,0.016874,-0.016052,-0.029559,-0.047471,0.056246,0.0049,8.4031,6.1862,3.6892,3.6087,22.1056,31.4277,24.6009,0.00892281,1
2003-12,0.27027,0.103093,0.055617,0.01692,0.085731,0.012195,-0.015844,0.070215,0.061884,8.4677,6.2199,3.5669,3.5439,22.0866,31.4424,24.6803,-0.0164483,1
2004-01,0.431267,0.205973,-0.026936,0.019947,0.22276,0.02963,0.0,0.072402,0.089869,8.256,6.127,3.48,3.6,22.254,32.494,23.789,0.02359658,1
2004-02,0.214707,0.154162,0.017919,0.01985,0.062,0.037117,0.015841,-0.014455,0.058142,8.2114,6.1171,3.7101,3.6375,22.0662,32.5102,23.7735,0.01829341,1
2004-03,0.214247,0.30785,0.017784,0.009872,0.002538,-0.038981,0.031671,0.187662,0.074528,8.1673,6.104,3.861,3.618,22.0745,32.451,23.7527,-0.0708252,1
2004-04,0.160342,0.204604,0.00883,0.013078,-0.102857,0.012067,0.0,0.100668,0.046746,8.1282,6.0747,4.0141,3.5454,22.0906,32.5156,23.6618,0.08180985,1
2004-05,0.426894,0.153139,0.101004,0.016295,0.209043,0.019274,0.015796,0.100301,0.027606,8.0935,6.0683,4.1335,3.5513,22.0514,32.4976,23.6161,-0.0624264,1
2004-06,0.371945,0.203874,0.017483,0.00972,0.160749,0.058208,-0.01566,0.056881,0.081738,8.1557,6.0492,4.4723,3.5943,21.8764,32.3512,23.4851,0.00282561,1
2004-07,0.105876,0.101729,0.008704,0.025839,-0.050508,0.02525,-0.046596,0.070939,0.044892,8.1386,6.0398,4.5289,3.8026,21.6827,32.3338,23.4825,0.027357,1
2004-08,0.052882,0.050813,-0.008723,0.01941,-0.005431,0.03036,-0.046368,0.042705,0.028233,8.1646,6.0752,4.3339,3.8355,21.5301,32.5127,23.5861,-0.00730413,1
2004-09,0.317125,0.304723,-0.026127,0.016166,0.093614,-0.02016,0.06188,0.11377,0.06703,8.1428,6.0914,4.2634,3.8506,21.5032,32.5239,23.6265,0.01095305,1
2004-10,0.52687,0.202532,0.056489,0.016132,0.304628,-0.012511,0.062152,0.056542,0.024199,8.0996,6.0947,4.2414,3.8035,21.6599,32.4412,23.6507,0.01923993,1
2004-11,0.471698,0.202122,0.039007,0.006419,0.174096,0.096054,0.062136,0.014068,0.100841,8.1351,6.0789,4.5369,3.638,21.7165,32.3417,23.5797,-0.02092112,1
2004-12,0.0,0.151286,-0.008631,0.009624,-0.077267,0.004761,-0.015493,0.056021,0.076134,8.1395,6.0821,4.5189,3.7016,21.7205,32.2122,23.6523,-0.04514816,1
2005-01,-0.052165,0.20141,-0.013029,0.02897,-0.222793,-0.021514,0.046411,0.070094,0.067785,8.1824,6.1126,4.269,3.722,21.674,32.2995,23.7395,-0.00808805,1
2005-02,0.417537,0.201005,-0.017401,0.019273,0.195974,0.026617,-0.015394,0.112259,0.04279,8.1826,6.1287,4.1375,3.7458,21.6131,32.4007,23.7625,0.05341845,1
2005-03,0.363825,0.351053,0.017255,0.009581,0.073237,0.009469,0.0,0.182005,0.082543,8.0969,6.1127,4.3186,3.6905,21.5814,32.4389,23.7291,-0.01026488,1
2005-04,0.31072,0.049975,0.081195,0.012676,0.094161,0.070193,-0.01535,0.0,0.089379,8.0383,6.0747,4.5783,3.6571,21.536,32.465,23.6069,-0.02153392,1
2005-05,-0.051626,0.14985,0.008481,0.015739,-0.22002,0.032594,0.045807,-0.01384,0.046627,8.0568,6.0468,4.9871,3.7087,21.4073,32.2481,23.5207,0.03298618,1
2005-06,0.051653,0.049875,-0.025509,0.018906,0.030361,-0.007055,-0.030483,0.069155,0.041071,8.0863,6.0687,4.8439,3.7792,21.4142,32.2122,23.5805,-0.04479181,1
2005-07,0.619515,0.149551,0.01697,0.012597,0.435783,0.054061,-0.030273,0.082978,0.059924,8.044,6.0845,4.7801,3.9415,21.2363,32.2785,23.5973,-0.01252641,1
2005-08,0.6157,0.099552,-0.008446,0.018809,0.493493,0.061233,-0.01497,0.041386,0.029608,8.0238,6.069,5.0583,3.9826,20.9724,32.281,23.5651,-0.00541309,1
2005-09,1.376849,0.099453,0.016797,0.012475,1.076327,0.188867,0.029829,-0.04114,0.082377,7.9703,6.0568,5.4072,3.9977,20.8806,32.1303,23.511,0.01131453,1
2005-10,0.150905,0.34774,0.016603,0.018487,-0.33516,0.225702,0.014841,0.16195,0.019827,7.8949,5.996,6.2498,4.1078,20.8067,31.5803,23.3245,0.02865536,1
2005-11,-0.50226,0.247525,0.03321,0.0123,-0.80891,0.075977,0.014885,0.094322,0.123855,7.9122,6.0024,5.9552,4.1995,20.8834,31.6921,23.333,-0.04789874,1
2005-12,0.0,0.148148,0.012515,0.0124,-0.086067,-0.08561,-0.014973,0.094723,0.074441,7.9847,6.0634,5.1001,4.2967,21.0226,31.9216,23.6041,-0.00742754,1
2006-01,0.605755,0.197239,0.033337,0.018225,0.273264,0.150674,0.031816,0.067381,0.057249,7.9885,5.9534,4.53,4.155,22.3188,31.8845,23.1705,-0.02619046,1
2006-02,0.050176,0.19685,-0.012465,0.018087,-0.0595,-0.057119,-0.031485,0.107313,0.046237,7.9984,5.9264,4.7644,4.3091,22.1183,31.8049,23.0713,0.03910878,1
2006-03,0.150451,0.343811,0.004136,0.012034,-0.042105,-0.058388,0.047335,0.134325,0.080101,7.9493,5.9325,4.7313,4.1792,22.1369,31.9559,23.1242,-0.02698504,1
2006-04,0.500751,0.244738,-0.020523,0.011967,0.352402,-0.044581,0.031584,0.107227,0.076932,7.8932,5.9118,4.8737,4.0903,22.2033,32.0205,23.052,-0.01425578,1
2006-05,0.298954,0.292969,0.0,0.020766,0.084672,-0.017658,0.015658,0.132901,0.071079,7.794,5.8738,5.4892,4.0062,22.0471,31.8564,22.9179,-0.00846518,1
2006-06,0.248385,0.243427,0.024312,0.01476,0.020152,-0.017758,0.015548,0.105619,0.070979,7.7717,5.8655,5.8037,4.0111,21.9073,31.7782,22.8654,0.0147737,1
2006-07,0.545094,0.194269,0.016151,0.014731,0.404469,0.0,-0.030838,0.118685,0.053453,7.7685,5.8687,5.737,4.1554,21.7405,31.8472,22.8918,-0.03155683,1
2006-08,0.443568,0.242365,0.024155,0.014687,0.168705,0.025415,0.015275,0.131753,0.038589,7.7618,5.866,5.8809,4.1566,21.5069,31.937,22.8853,0.0249894,1
2006-09,-0.490677,0.193424,0.036143,0.008795,-0.691193,0.050477,0.0,0.078799,0.05607,7.7666,5.8692,5.8464,4.1529,21.5109,31.966,22.9207,-0.02976734,1
2006-10,-0.443787,0.19305,0.020189,0.017677,-0.540702,-0.112222,-0.030903,0.118343,0.026633,7.8453,5.907,5.1218,4.1957,21.7714,32.084,23.0965,0.05719899,1
2006-11,0.049529,0.096339,-0.00814,0.014811,-0.045432,0.044543,-0.077956,0.105767,0.019747,7.9287,5.9569,4.5613,3.971,21.9367,32.378,23.2773,-0.00381103,1
2006-12,0.544554,0.14437,-0.008127,0.0178,0.35882,0.037624,0.0,0.10558,0.058802,7.908,5.9806,4.5148,3.9904,21.876,32.4262,23.3198,-0.0259445,1
2007-01,0.165928,0.240269,0.061656,0.02876,-0.128258,0.02263,0.008992,0.078618,0.068579,7.8959,5.9889,4.685,4.03,21.7348,32.407,23.258,0.02495076,1
2007-02,0.387835,0.256472,0.073897,0.021792,0.067469,0.02336,0.006322,0.130355,0.081566,7.968,5.9994,4.5457,4.064,21.6265,32.503,23.2758,-0.01692651,1
2007-03,0.520012,0.135319,0.043664,0.005081,0.299876,0.047809,-0.006779,0.047602,0.059525,7.9869,5.9891,4.559,4.0461,21.6157,32.5331,23.2526,0.02323423,1
2007-04,0.300066,0.157102,0.017327,0.018716,0.14405,-0.002733,-0.021496,0.109337,0.066186,7.9377,5.9401,5.0639,4.0404,21.5353,32.3777,23.0874,-0.03131977,1
2007-05,0.413299,0.148274,0.039116,0.014691,0.249645,0.006997,-0.020148,0.079482,0.06443,7.8965,5.9204,5.5134,4.0069,21.3871,32.2708,22.9874,-0.02091394,1
2007-06,0.231675,0.159004,0.036062,0.020149,0.017722,0.036606,-0.022096,0.099155,0.036443,7.9004,5.899,5.9652,4.0361,21.1853,32.0976,22.8981,0.00763423,1
2007-07,0.17806,0.181091,0.017498,0.028601,0.030019,-0.036409,0.002103,0.091921,0.074092,7.9094,5.9077,5.8455,4.2284,21.0045,32.1822,22.9042,-0.02976483,1
2007-08,0.030828,0.164158,0.029184,0.023673,-0.125682,-0.026793,-0.006421,0.056472,0.039195,7.9291,5.9378,5.6891,4.2136,20.8846,32.3388,22.9888,0.04119927,1
2007-09,0.423755,0.206045,0.037904,0.030156,0.181551,0.017089,-0.004494,0.076728,0.082171,7.9723,5.9725,5.3893,4.1673,20.9438,32.4203,23.1167,0.00265057,1
2007-10,0.308324,0.247218,0.030704,0.013474,0.046678,0.027567,0.023316,0.063719,0.091811,7.9924,5.9861,5.4021,4.1438,21.0265,32.2982,23.1331,0.01105442,1
2007-11,0.785888,0.2749,0.040792,0.016564,0.491252,0.011918,0.039624,0.067909,0.062081,8.02,5.9868,5.4023,4.0301,21.0826,32.2856,23.1747,0.05574887,1
2007-12,0.289801,0.238879,0.014956,0.010778,0.07398,0.006908,0.016001,0.078315,0.101083,7.9888,5.9679,5.8988,3.9937,20.965,32.0672,23.1008,-0.01221881,1
2008-01,0.344771,0.282875,0.059527,0.024577,0.051152,-0.006508,0.043881,0.096657,0.101366,7.66,6.173,5.834,3.864,21.602,32.271,22.596,-0.02588067,1
2008-02,0.241783,0.078589,0.028125,0.023608,0.08049,0.046288,-0.027335,0.052364,0.036203,7.7252,6.1669,5.8646,3.8723,21.4692,32.3109,22.591,0.00203949,1
2008-03,0.357803,0.22483,0.008872,0.019199,0.087979,0.064989,-0.017593,0.098695,0.087618,7.7156,6.1726,5.8222,3.8797,21.4804,32.339,22.5908,0.00804427,1
2008-04,0.231438,0.065292,0.10301,0.01577,-0.039906,0.101232,-0.003052,-0.000503,0.062089,7.6447,6.1386,6.2071,3.9024,21.4069,32.2208,22.4799,-0.00720208,1
2008-05,0.591749,0.175242,0.032949,0.025378,0.317115,0.095124,-0.020948,0.049535,0.108098,7.6953,6.1173,6.5048,3.9661,21.2929,32.0257,22.3983,-0.01550165,1
2008-06,1.047824,0.227044,0.055426,0.029835,0.75819,0.091673,-0.002403,0.074455,0.099471,7.6676,6.0913,7.0477,4.0669,21.0434,31.7668,22.3164,-0.05882391,1
2008-07,0.714144,0.251133,0.096562,0.038359,0.270596,0.137876,0.041557,0.090305,0.101382,7.638,6.0601,7.5218,4.2743,20.7221,31.5789,22.2051,-0.06249271,1
2008-08,-0.148848,0.19818,0.050592,0.019262,-0.351772,-0.026845,0.012152,0.017499,0.076595,7.6913,6.0666,7.5365,4.4199,20.5564,31.5423,22.1874,0.05366911,1
2008-09,0.085509,0.147879,0.046767,0.03271,0.011908,-0.119226,-0.010891,0.050083,0.05563,7.7748,6.1103,7.0077,4.3746,20.6758,31.6577,22.3992,0.01852876,1
2008-10,-0.859844,0.034608,0.027756,0.030021,-0.885302,-0.038376,-0.041211,0.027705,0.039342,7.8347,6.1515,6.8181,4.2263,20.8145,31.6657,22.4893,-0.01978028,1
2008-11,-1.770548,0.073344,0.004709,0.021443,-1.735855,-0.047588,-0.017422,0.033298,0.013863,7.952,6.2446,5.8943,4.1187,21.0465,32.0028,22.7414,-0.04299579,1
2008-12,-0.823352,-0.010141,-0.018369,0.01861,-0.787665,-0.002149,-0.048893,-0.004657,0.052686,8.0861,6.3884,4.2583,4.1152,21.3929,32.5764,23.183,-0.03291505,1
2009-01,0.253077,0.194076,-0.007815,0.018627,0.105686,-0.018017,0.023198,0.067825,0.075857,8.1555,6.4736,3.465,4.159,21.4612,32.867,23.418,-0.01228466,1
2009-02,0.364266,0.205203,-0.038123,0.018955,0.247149,-0.031491,0.080151,0.027774,0.06608,8.1596,6.4641,3.5973,4.1473,21.3503,32.885,23.3956,-0.00622882,1
2009-03,-0.098728,0.21167,-0.036323,0.007208,-0.170753,-0.05525,0.087901,0.048153,0.022791,8.0691,6.451,3.8007,4.0875,21.4216,32.7994,23.37,-0.00245555,1
2009-04,0.100708,0.207557,-0.042124,0.019976,0.02803,-0.064867,0.106111,0.036363,0.014324,8.0024,6.4425,3.7993,4.013,21.5817,32.8153,23.345,0.00289627,1
2009-05,0.147149,0.090532,-0.027315,0.003413,0.177114,-0.06788,0.027824,0.017505,0.023493,7.9337,6.4464,3.9723,3.9194,21.6536,32.7678,23.3058,-0.00700408,1
2009-06,0.829961,0.095019,-0.00407,0.004037,0.820181,-0.001463,0.048673,0.007026,0.04285,7.8854,6.4312,4.2982,3.8862,21.5717,32.6633,23.263,-0.08727338,1
2009-07,-0.029797,0.068915,-0.032912,0.005204,-0.030061,-0.026753,0.012757,-0.006729,0.082726,7.8086,6.3805,4.9198,3.9981,21.3324,32.4449,23.1151,-0.03402723,1
2009-08,0.334845,0.106265,-0.01011,0.00945,0.264218,-0.004872,-0.046397,-0.001998,0.086873,7.7843,6.3958,4.7765,4.0047,21.287,32.5047,23.2464,0.03768179,1
2009-09,0.193089,0.19317,-0.017069,0.009372,0.053617,-0.001549,0.092539,-0.031013,0.091446,7.7635,6.3909,4.9236,3.9695,21.2164,32.4224,23.3133,-0.00425331,1
2009-10,0.300193,0.264187,0.006278,0.006311,0.056689,0.026755,0.117495,0.013167,0.049337,7.7407,6.3963,4.8286,3.9407,21.416,32.3035,23.3735,0.02416168,1
2009-11,0.334859,0.07483,-0.00323,0.011668,0.213161,0.046634,0.058832,-0.098851,0.068128,7.7469,6.3965,4.7977,3.8312,21.5645,32.2688,23.3935,0.03851703,1
2009-12,0.052018,0.097432,0.016482,0.004447,-0.026311,-0.01625,0.04229,-0.036364,0.043125,7.7129,6.4036,4.9992,3.8326,21.5514,32.0809,23.4185,0.02459746,1
2010-01,0.064873,-0.112278,0.032796,0.003354,0.114588,0.002243,0.018027,-0.038712,0.048587,7.8011,5.9371,4.801,3.752,21.2762,31.9415,24.4905,-0.11601034,1
2010-02,-0.095178,0.044418,-0.000366,0.004343,-0.118824,-0.011332,-0.008665,-0.025965,0.057137,7.849,5.9202,4.9919,3.7732,21.1656,31.8424,24.457,0.00849347,1
2010-03,0.033137,0.023558,0.029999,-0.002368,-0.052626,0.041424,-0.025959,-0.028078,0.044227,7.8367,5.923,4.8579,3.7547,21.247,31.841,24.5391,0.02651756,1
2010-04,0.023004,0.017664,0.006206,0.007469,-0.004711,0.000156,-0.062803,-0.001105,0.066969,7.8229,5.8965,5.0365,3.7735,21.2614,31.7174,24.4912,0.01082378,1
2010-05,-0.051977,0.063399,-0.000145,0.00777,-0.101503,-0.011222,-0.022158,0.020099,0.043018,7.8135,5.8937,5.1721,3.7473,21.1907,31.6585,24.5237,0.01216291,1
2010-06,-0.04188,0.104995,-0.008725,0.005856,-0.111021,-0.016434,0.005604,0.006855,0.041765,7.8095,5.8969,5.1996,3.7708,21.133,31.6423,24.5472,0.03422037,1
2010-07,0.186925,0.076404,-0.000905,-0.002277,0.118399,0.017738,-0.000882,0.00822,0.036366,7.8014,5.9085,4.9619,3.9041,21.0784,31.7204,24.6245,0.01026518,1
2010-08,0.146136,0.065955,-0.003257,0.018627,0.075095,0.005889,0.01128,-0.001473,0.035707,7.796,5.905,4.9519,3.9421,20.9987,31.7388,24.6672,0.00426717,1
2010-09,0.161525,0.091193,0.029118,0.01706,0.063981,-0.019554,0.014217,0.040922,0.043243,7.7898,5.9155,4.9679,3.9259,21.0199,31.6828,24.6975,-0.0274612,1
2010-10,0.348185,0.053673,0.013302,0.005535,0.286251,-0.003335,-0.005441,0.028118,0.045213,7.8134,5.9291,4.9046,3.8729,21.1045,31.6545,24.7204,-0.0214591,1
2010-11,0.253384,0.143804,0.02063,0.005868,0.136113,-0.024941,0.009119,0.057851,0.069141,7.8231,5.9272,5.0645,3.7415,21.102,31.6298,24.7114,-0.02039639,1
2010-12,0.401658,0.087329,0.011301,0.005474,0.289151,0.015907,0.009816,0.036788,0.03067,7.814,5.9306,5.1691,3.6758,21.0296,31.6272,24.7531,0.0025491,1
2011-01,0.324304,0.206888,0.065859,0.011945,0.098397,-0.015136,0.044933,0.036478,0.056511,7.816,5.926,5.388,3.691,20.882,31.6065,24.6905,0.02531709,1
2011-02,0.321447,0.184019,0.053287,0.011007,0.094087,0.018741,0.037552,0.030522,0.075372,7.8887,5.9098,5.5702,3.6861,20.7852,31.5192,24.6411,0.00087931,1
2011-03,0.517355,0.107969,0.088009,0.017422,0.303642,0.017747,0.01833,0.02762,0.03129,7.8937,5.8917,5.6766,3.6825,20.8087,31.4175,24.6293,0.01329465,1
2011-04,0.46941,0.122173,0.032012,0.020419,0.310606,0.019663,0.029321,0.023791,0.040781,7.8948,5.8521,6.2542,3.6542,20.7397,31.1692,24.4359,-0.00718164,1
2011-05,0.318171,0.200244,0.04205,0.010626,0.098109,0.018223,0.079036,0.039902,0.046264,7.8725,5.835,6.6552,3.6355,20.6899,30.9851,24.3267,-0.0160381,1
2011-06,0.0,0.232854,0.019644,0.015044,-0.21004,-0.013228,0.071485,0.055785,0.035777,7.8749,5.8182,6.8405,3.68,20.6559,30.8765,24.2538,0.02553327,1
2011-07,0.262004,0.231868,0.046156,0.012205,0.010164,0.017082,0.036958,0.065605,0.039992,7.8914,5.8395,6.4733,3.8074,20.69,30.993,24.3053,0.03384262,1
2011-08,0.315446,0.285945,0.045867,0.023555,0.024091,0.004595,0.060286,0.062877,0.071056,7.93,5.8465,6.3722,3.8385,20.6355,31.0566,24.3209,0.02311947,1
2011-09,0.217155,0.113344,0.049986,0.013067,0.0539,0.014522,0.003817,0.052877,0.049067,7.9592,5.8539,6.3245,3.8196,20.6739,31.0189,24.3499,-0.02008113,1
2011-10,0.067521,0.171592,0.00226,0.010734,-0.061167,-0.015335,0.030178,0.058141,0.063447,7.9953,5.8581,6.2712,3.8083,20.7238,30.9836,24.3598,-0.02073862,1
2011-11,0.184785,0.173505,-0.001571,0.014787,0.056526,-0.018447,0.041775,0.062383,0.059789,8.0278,5.881,6.0387,3.6753,20.8139,31.1026,24.4609,-0.03045645,1
2011-12,0.023771,0.223007,0.016608,0.009807,-0.145941,-0.019283,0.010768,0.064836,0.078734,8.0061,5.9007,5.9959,3.6164,20.7951,31.1541,24.5318,0.00824181,1
2012-01,0.27242,0.207559,0.019645,0.020145,0.093034,-0.028123,0.030687,0.052528,0.068488,8.6386,5.6694,5.806,3.873,19.852,31.19,24.971,0.01601709,1
2012-02,0.213745,0.068897,-0.012606,0.008066,0.19283,-0.034694,0.001882,0.051765,0.003854,8.6648,5.6646,5.9721,3.8571,19.7696,31.1378,24.9373,0.00264799,1
2012-03,0.209347,0.194708,0.016386,0.011267,0.048385,-0.014902,0.016668,0.057759,0.070841,8.6077,5.6478,6.2223,3.8001,19.7726,31.0678,24.8815,0.00294288,1
2012-04,0.166079,0.186889,0.012804,0.014798,0.007089,-0.009422,0.009395,0.063754,0.070637,8.5503,5.6164,6.6473,3.7478,19.7596,30.9143,24.7641,-0.00297745,1
2012-05,-0.206818,0.139359,-0.002841,0.013449,-0.311367,-0.024474,0.017572,0.049067,0.046685,8.5366,5.6143,6.7336,3.7176,19.7569,30.8702,24.7705,0.00508994,1
2012-06,-0.082636,0.174066,0.014508,0.013702,-0.26468,0.007679,0.012877,0.041015,0.084531,8.5395,5.6343,6.5008,3.7405,19.7734,30.9562,24.855,0.00773135,1
2012-07,0.028881,0.151117,-0.00203,0.011844,-0.081065,-0.017827,-0.003349,0.02984,0.045497,8.552,5.6563,6.1084,3.8964,19.763,31.0634,24.9604,0.04597194,1
2012-08,0.580953,0.114363,0.007204,0.017151,0.453722,0.026411,-0.032752,0.065646,0.047435,8.5582,5.6774,5.9578,3.8911,19.7165,31.1694,25.0294,-0.00386458,1
2012-09,0.477127,0.18503,-0.002353,0.012034,0.327904,0.004458,0.007324,0.079256,0.065351,8.5256,5.6631,6.3375,3.8787,19.6068,31.0493,24.9387,-0.01684615,1
2012-10,0.269679,0.158242,0.022292,0.004174,0.109643,0.014625,0.012774,0.071465,0.051834,8.4843,5.6499,6.5653,3.8504,19.6003,30.9615,24.8881,-0.01712825,1
2012-11,-0.167934,0.132454,0.017777,0.006984,-0.31681,0.033095,0.012397,0.052148,0.05376,8.5185,5.6563,6.4434,3.7403,19.6472,31.0427,24.9516,-0.02728474,1
2012-12,-0.012108,0.170752,0.018033,0.007609,-0.162369,0.003072,-0.012135,0.051994,0.081636,8.5531,5.6902,6.0134,3.7459,19.6675,31.2095,25.12,5.065e-05,1
2013-01,0.198079,0.217499,0.011864,0.008415,0.005548,0.00694,0.028286,0.053492,0.056854,8.5986,5.7134,5.7944,3.7666,19.574,31.327,25.2264,0.02668088,1
2013-02,0.542993,0.146407,-0.006272,0.005143,0.396428,0.013455,-0.012173,0.065301,0.0736,8.6225,5.7049,5.793,3.7868,19.5303,31.3246,25.2386,0.00751094,1
2013-03,-0.281192,0.096745,0.001976,0.01126,-0.345701,-0.009137,-0.03837,0.054821,0.041201,8.5449,5.6637,6.2889,3.7607,19.4511,31.1485,25.1428,0.00275758,1
2013-04,-0.208798,0.016323,0.007144,0.01939,-0.296064,0.039453,-0.008602,0.059633,-0.028285,8.5133,5.6602,6.3461,3.7346,19.4827,31.1409,25.1226,-0.00146779,1
2013-05,0.041416,0.070437,-0.021609,0.009529,-0.045793,0.042955,-0.007303,0.073176,0.014388,8.5333,5.6855,6.1224,3.7744,19.5393,31.2161,25.1295,-0.02392806,1
2013-06,0.238041,0.151934,0.022755,0.008762,0.10136,-0.005498,0.008075,0.060818,0.048424,8.4898,5.6849,6.1456,3.8566,19.4742,31.2358,25.1136,-0.00665525,1
2013-07,0.195745,0.227127,0.003045,0.009186,0.017797,-0.006175,0.010929,0.054422,0.083096,8.4766,5.68,6.1605,3.9835,19.378,31.2342,25.0874,0.02344546,1
2013-08,0.238729,0.194972,0.006523,0.009392,0.099126,-0.022024,-0.002491,0.073125,0.077231,8.4766,5.6869,6.1357,3.9821,19.303,31.285,25.1312,-0.00215399,1
2013-09,0.037694,0.155333,-0.001196,0.005251,-0.108737,0.023779,-0.000787,0.056396,0.057445,8.4812,5.6895,6.1068,3.9443,19.3081,31.3177,25.1532,0.00554225,1
2013-10,0.053523,0.094163,0.00648,0.007319,-0.03415,0.001631,-0.002499,0.042081,0.044577,8.473,5.6881,6.0337,3.9455,19.3606,31.3187,25.1808,-0.01191624,1
2013-11,0.184449,0.186446,-0.002725,0.014489,0.030011,0.000195,0.011616,0.100005,0.041194,8.5084,5.7102,5.7743,3.8285,19.4309,31.4435,25.3049,-0.01033583,1
2013-12,0.264417,0.169953,0.006315,0.007727,0.111867,0.003579,0.016849,0.0871,0.01127,8.4975,5.7364,5.6135,3.7916,19.3887,31.5775,25.3954,0.01970993,1
2014-01,0.242418,0.085681,0.014116,0.004209,0.103294,0.069583,-0.045992,0.073416,0.027165,8.187,5.704,5.3406,3.7054,19.71,31.671,25.6816,-0.00337298,1
2014-02,0.110078,0.094931,0.037045,0.016356,-0.039332,0.025842,-0.029589,0.063078,0.049613,8.2109,5.6871,5.4073,3.7977,19.6031,31.6561,25.6378,-0.01293561,1
2014-03,0.204206,0.186295,0.044345,0.015949,-0.103614,0.108569,-0.014011,0.099988,0.046995,8.207,5.6824,5.465,3.8014,19.5956,31.6174,25.6312,0.00598326,1
2014-04,0.186419,0.188906,0.030623,0.015045,0.083448,-0.084458,0.004533,0.072437,0.075836,8.1841,5.6619,5.6631,3.8673,19.5655,31.5317,25.5262,-0.01104364,1
2014-05,0.190301,0.192768,0.05749,0.009555,-0.074871,0.04703,0.00293,0.089134,0.06557,8.1961,5.6583,5.8167,3.7649,19.5493,31.4839,25.5306,-0.00653784,1
2014-06,0.132113,0.129668,0.002434,0.01123,0.018108,0.001726,0.011534,0.059158,0.042525,8.2157,5.6481,5.8269,3.8447,19.4635,31.4722,25.5286,-0.01460218,1
2014-07,0.112549,0.150523,0.016125,0.017394,-0.045705,0.00717,-0.011214,0.085905,0.022424,8.1882,5.6488,5.8256,3.9742,19.3789,31.4789,25.5052,0.02044978,1
2014-08,-0.016,0.088163,0.018402,0.013443,-0.088442,-0.030885,-0.015646,0.064017,0.013123,8.2144,5.6684,5.7444,3.9856,19.3028,31.5826,25.5015,0.00998855,1
2014-09,0.007159,0.159812,0.021824,0.017521,-0.145368,-0.011813,0.022813,0.071637,0.025421,8.2591,5.6914,5.5292,3.9543,19.3439,31.7002,25.5215,0.00512451,1
2014-10,-0.019791,0.169608,0.010021,0.012066,-0.161681,-0.014018,0.008863,0.068638,0.052133,8.2822,5.7046,5.4112,3.9188,19.4282,31.7331,25.5216,0.00418588,1
2014-11,-0.188266,0.111626,0.010057,0.020245,-0.284674,-0.016973,-0.044357,0.086224,0.043363,8.3218,5.7311,5.097,3.7897,19.5134,31.8871,25.6596,-0.00215076,1
2014-12,-0.308461,0.052619,0.033853,0.014709,-0.417101,0.034736,-0.037326,0.062808,0.020525,8.3481,5.7825,4.6908,3.753,19.4726,32.1127,25.8398,-0.02066571,1
2015-01,-0.637032,0.094748,-0.011796,0.009439,-0.665851,-0.005175,-0.063271,0.088732,0.047001,8.427,5.83,4.215,3.815,19.408,32.336,25.969,-0.03610961,1
2015-02,0.253464,0.150535,0.001575,0.015813,0.117057,-0.006249,0.03003,0.083415,0.013238,8.4901,5.867,3.5363,3.8715,19.4646,32.6053,26.165,-0.00141382,1
2015-03,0.269395,0.242743,-0.033596,0.008981,0.135142,-0.03749,0.038983,0.099659,0.02814,8.4458,5.8574,3.6907,3.8374,19.5003,32.5602,26.1079,0.02957698,1
2015-04,0.104248,0.245478,-0.018212,0.014206,-0.064268,-0.018728,0.017885,0.082412,0.09899,8.3503,5.8317,4.0347,3.7584,19.5346,32.4833,26.0064,-0.008037,1
2015-05,0.329775,0.141705,3.5e-05,0.013627,0.241974,-0.032243,0.001601,0.058792,0.051752,8.3236,5.834,4.0112,3.7276,19.5502,32.4894,26.0639,-0.00576306,1
2015-06,0.276792,0.155572,0.02796,0.01194,0.101453,0.018602,-0.021599,0.099314,0.061655,8.2716,5.818,4.3811,3.7196,19.4129,32.3935,26.0028,-0.02253342,1
2015-07,0.158632,0.20697,0.011198,0.00134,0.007686,-0.022711,-0.016987,0.124912,0.031778,8.259,5.8096,4.4658,3.8526,19.2701,32.3871,25.9558,0.02141761,1
2015-08,-0.00042,0.10389,0.020975,0.012352,-0.118747,-0.001335,-0.021769,0.062682,0.044341,8.2755,5.8106,4.4495,3.8304,19.1738,32.5131,25.9471,0.00108143,1
2015-09,-0.224759,0.205505,0.011432,0.031401,-0.42667,-0.008607,0.012892,0.098688,0.061302,8.313,5.8312,4.2148,3.8277,19.2124,32.6221,25.9787,-0.00519815,1
2015-10,0.098948,0.185767,0.002953,0.012138,-0.048113,-0.014904,-0.033603,0.075835,0.089126,8.3495,5.8717,3.8144,3.8022,19.3337,32.7577,26.0706,0.01551557,1
2015-11,0.119462,0.194037,-0.023313,0.01007,-0.005922,-0.01289,-0.021877,0.086529,0.092959,8.3651,5.8865,3.6759,3.6744,19.3429,32.8531,26.2021,-0.00609531,1
2015-12,-0.107555,0.125286,-0.024927,0.006667,-0.149412,-0.032039,-0.01309,0.076406,0.049649,8.3299,5.909,3.5379,3.6297,19.2674,32.9726,26.353,-0.02080844,1
2016-01,-0.045844,0.166839,-0.010956,0.019224,-0.159464,-0.011747,-0.033401,0.103114,0.042702,8.23,5.785,3.228,3.588,19.613,32.801,26.755,0.0046845,1
2016-02,-0.132968,0.226572,0.006241,0.008047,-0.302533,-0.009533,0.040194,0.093902,0.056629,8.2383,5.7946,3.0805,3.6052,19.6081,32.8758,26.7973,-0.02591372,1
2016-03,0.31348,0.164148,-0.045194,0.012562,0.200282,0.006582,-0.010301,0.07674,0.05611,8.233,5.7979,2.7889,3.5906,19.7451,32.9578,26.8865,0.01669865,1
2016-04,0.383065,0.259441,-0.002471,0.01406,0.158395,0.002952,0.025611,0.084307,0.099064,8.139,5.7856,3.0399,3.5691,19.7293,32.906,26.8314,0.00114752,1
2016-05,0.23641,0.237679,-0.033511,0.012294,0.056596,0.012721,0.003642,0.113761,0.066279,8.1109,5.7723,3.2825,3.5391,19.6628,32.8259,26.8064,0.00462868,1
2016-06,0.277596,0.163067,-0.019639,0.010002,0.161838,0.00355,-0.048507,0.120263,0.055592,8.0353,5.7612,3.4771,3.574,19.5388,32.819,26.7946,-0.00550233,1
2016-07,-0.05037,0.116749,-0.012798,0.011438,-0.189302,0.041199,-0.036907,0.077971,0.037951,7.978,5.7524,3.6137,3.6829,19.3799,32.8435,26.7496,0.02007821,1
2016-08,0.184922,0.239681,-0.008272,0.013124,-0.031653,0.02068,0.016103,0.096536,0.07631,7.9835,5.7731,3.4303,3.7284,19.3199,32.9785,26.7864,0.00209487,1
2016-09,0.262321,0.168664,-0.00847,0.009933,0.103652,0.026362,0.035146,0.11365,0.00667,7.9722,5.781,3.3263,3.7377,19.3432,33.0434,26.796,-0.02462258,1
2016-10,0.234269,0.120558,-0.005551,0.007809,0.13898,-0.000356,-0.019146,0.110262,0.00739,7.9541,5.777,3.3954,3.7365,19.353,33.0612,26.7226,-0.00511928,1
2016-11,0.117895,0.136067,-0.009225,0.005243,0.02263,-0.008342,-0.071181,0.099649,0.071478,7.9451,5.7776,3.4565,3.6277,19.3473,33.1309,26.7149,0.00764178,1
2016-12,0.252452,0.175965,-0.009703,0.008862,0.11677,-0.006014,-0.020573,0.094887,0.056866,7.9168,5.7919,3.3836,3.5884,19.2301,33.2448,26.8444,0.01135693,1
2017-01,0.404308,0.21887,-0.002498,0.021328,0.190487,0.013418,0.027584,0.084218,0.051188,7.899,5.799,3.447,3.592,19.101,33.309,26.853,0.01858352,1
2017-02,0.159266,0.212004,0.025006,0.011896,-0.063141,0.021437,0.00711,0.090305,0.076667,7.8832,5.7866,3.606,3.6204,19.0825,33.2245,26.7969,-0.01001416,1
2017-03,-0.04672,-0.021514,0.018647,0.009301,-0.049037,-0.006213,0.000791,0.052385,-0.051321,7.8767,5.7803,3.5244,3.6283,19.1247,33.221,26.8444,-0.02127177,1
2017-04,0.123415,0.112774,0.005984,0.012932,-0.021343,0.036907,-0.009646,0.078658,0.019587,7.8815,5.7849,3.5564,3.6051,19.1602,33.2616,26.7502,0.00033581,1
2017-05,-0.077398,0.080803,0.01073,0.010281,-0.19079,0.025655,-0.042882,0.080138,0.028519,7.8767,5.7807,3.6775,3.6163,19.1216,33.2361,26.691,0.00095149,1
2017-06,0.065163,0.125681,-0.013153,0.002093,-0.03846,0.013392,-0.021983,0.089689,0.027965,7.8748,5.786,3.6205,3.6766,19.0337,33.2982,26.7099,0.00561913,1
2017-07,0.032765,0.094937,0.013488,0.009141,-0.07138,0.0031,-0.030695,0.044719,0.049571,7.8458,5.7829,3.5544,3.7903,18.9454,33.3745,26.7064,0.01482014,1
2017-08,0.384863,0.218267,-0.003295,0.018835,0.209906,-0.005036,-0.028793,0.144853,0.058602,7.8728,5.796,3.4775,3.7971,18.8717,33.4508,26.7338,-0.01020981,1
2017-09,0.510639,0.109688,0.001577,0.017875,0.416682,-0.003884,-0.047824,0.096448,0.056301,7.8457,5.7975,3.5982,3.7744,18.8127,33.4912,26.6804,-0.02653579,1
2017-10,0.077505,0.282423,0.005496,0.006526,-0.147119,-0.011229,0.040455,0.117479,0.04929,7.8136,5.7847,3.949,3.7344,18.7413,33.3921,26.5844,0.01660624,1
2017-11,0.266801,0.114387,-0.002621,0.010577,0.162217,0.005579,-0.024264,0.075295,0.035638,7.8322,5.7949,3.7537,3.6344,18.7747,33.5271,26.6828,0.00438082,1
2017-12,0.210689,0.208025,0.01406,0.014109,0.006325,0.012108,0.001038,0.105444,0.040516,7.7947,5.8054,3.8541,3.6085,18.6469,33.5649,26.7255,0.01708912,1
2018-01,0.425334,0.338125,0.014895,0.02122,0.122731,-0.019134,0.069182,0.083548,0.088182,7.382,6.002,4.094,3.419,19.849,32.468,26.786,0.04470998,1
2018-02,0.269229,0.198665,-0.020524,0.014561,0.072585,0.042505,0.016237,0.068276,0.086984,7.3804,5.9906,4.2113,3.4081,19.848,32.3931,26.7684,-0.01139569,1
2018-03,0.019236,0.218997,-0.001164,0.006515,-0.143876,-0.008115,0.017778,0.110762,0.068245,7.3276,5.978,4.2544,3.4334,19.8955,32.3245,26.7866,-0.03090944,1
2018-04,0.260441,0.140086,0.011982,0.014397,0.135273,-0.013655,-0.003312,0.097018,0.035276,7.3101,5.9711,4.2321,3.4037,19.9383,32.3798,26.7651,-0.01653935,1
2018-05,0.225795,0.200678,-0.020051,0.019859,0.064987,0.002818,-0.004264,0.115602,0.053315,7.3107,5.9617,4.463,3.3671,19.8705,32.3444,26.6826,-0.00647032,1
2018-06,0.090115,0.098777,0.004981,0.01084,0.016262,-0.018874,-0.043041,0.041149,0.077187,7.2549,5.9568,4.6904,3.3916,19.7355,32.3349,26.6359,0.00161189,1
2018-07,0.078082,0.116551,0.015657,0.006848,-0.027417,-0.010327,-0.038829,0.084044,0.027251,7.2394,5.9582,4.6979,3.4541,19.635,32.3475,26.6681,0.02085543,1
2018-08,0.178732,0.074506,0.006969,0.011297,0.092228,0.013168,-0.06712,0.101028,0.01037,7.259,5.9646,4.6343,3.4448,19.5825,32.4359,26.6789,0.01079113,1
2018-09,0.206228,0.184962,0.005208,0.013169,0.075622,-0.033224,0.010767,0.061683,0.103461,7.2608,5.9726,4.617,3.4517,19.5359,32.5134,26.6485,-0.03045786,1
2018-10,0.233958,0.212488,-0.012367,0.005499,0.055303,0.01868,0.04532,0.083648,0.016619,7.2557,5.9788,4.6306,3.4012,19.519,32.5192,26.6952,0.02125506,1
2018-11,-0.070419,0.201609,0.020206,0.01707,-0.267849,0.000908,0.026657,0.094335,0.02727,7.2356,5.9738,4.6581,3.3451,19.5514,32.5347,26.7014,0.01098308,1
2018-12,0.068489,0.240519,0.02744,0.024039,-0.239188,0.06777,0.036372,0.086588,0.056553,7.2439,6.011,4.3509,3.3289,19.5366,32.7039,26.8245,0.00891422,1
2019-01,-0.081498,0.270319,0.013416,0.020825,-0.280211,-0.034814,0.077083,0.10028,0.012588,7.286,6.055,3.947,3.4,19.503,32.884,26.925,0.00933532,1
2019-02,0.300126,0.161064,0.016047,0.021477,0.146745,-0.015997,-0.005282,0.111123,0.023771,7.3143,6.0643,3.7453,3.3975,19.6093,32.9323,26.9368,0.00224108,1
2019-03,0.378179,0.145873,0.011192,0.01107,0.214649,0.016312,-0.002169,0.110604,0.062382,7.3039,6.0601,3.8291,3.3608,19.624,32.919,26.9028,-0.0458617,1
2019-04,0.375968,0.164394,-0.037908,0.019511,0.268543,-0.009293,-0.049073,0.116965,0.080783,7.2779,6.0371,4.1282,3.3382,19.5659,32.8674,26.7852,-0.01356085,1
2019-05,0.024683,0.08397,0.01266,0.012697,-0.050763,-0.01614,-0.030168,0.085998,0.020272,7.2194,6.0247,4.5028,3.3023,19.4436,32.8127,26.6941,-0.00987177,1
2019-06,-0.032511,0.199072,-0.012774,0.019601,-0.20023,-0.00446,0.003624,0.097965,0.066031,7.212,6.0246,4.5954,3.3077,19.3495,32.8395,26.6711,-0.00226862,1
2019-07,0.230788,0.205908,-0.006735,0.012221,0.061503,0.002894,0.004428,0.081498,0.041992,7.1886,6.043,4.3731,3.3744,19.3462,32.9479,26.7267,0.03298688,1
2019-08,0.091477,0.226755,-0.00134,0.013071,-0.097315,-0.005502,0.002545,0.068078,0.080697,7.1751,6.0451,4.3979,3.3758,19.3122,32.9802,26.7132,0.03124351,1
2019-09,0.153885,0.193651,0.013866,0.015682,-0.027192,-0.002289,-0.006712,0.116774,0.064987,7.1694,6.0585,4.2177,3.3637,19.3611,33.0397,26.7896,-0.0212316,1
2019-10,0.282728,0.220131,0.017536,0.011556,0.068294,0.011311,0.006699,0.032592,0.114952,7.1754,6.0694,4.1801,3.3409,19.3179,33.1067,26.8095,0.01978695,1
2019-11,0.281542,0.218138,0.021578,0.009816,0.081197,-0.002888,0.004276,0.083585,0.076631,7.1826,6.0671,4.2374,3.299,19.2713,33.0509,26.8916,0.00734773,1
2019-12,0.291222,0.177746,0.004755,0.01742,0.127861,-0.001325,0.016343,0.061825,0.064319,7.1683,6.0802,4.1989,3.2817,19.1676,33.1216,26.9818,2.401e-05,1
2020-01,0.192166,0.261634,0.019472,0.02276,-0.02765,0.003949,-0.010042,0.12744,0.062268,7.5795,6.1914,3.61,3.096,20.1368,32.7865,26.5996,-0.00603173,1
2020-02,0.047467,0.245205,0.021483,0.013787,-0.174283,0.001623,0.057095,0.099458,0.034673,7.5927,6.1901,3.5693,3.1127,20.1449,32.7928,26.5972,-0.00636874,1
2020-03,-0.452845,-0.118188,0.025431,0.009287,-0.375861,0.000563,-0.032028,0.009993,-0.016351,7.6013,6.187,3.4221,3.0949,20.24,32.825,26.6295,-0.0738801,1
2020-04,-0.792015,-0.489789,0.188832,0.009051,-0.598233,0.006257,-0.179413,-0.014014,-0.208814,7.6525,6.2098,3.1738,3.0822,20.3,32.936,26.6453,0.00432013,1
2020-05,-0.089833,-0.125684,0.068273,0.023049,-0.074055,-0.007848,-0.070807,0.068591,-0.077504,7.91,6.2607,2.683,3.0946,20.2806,33.1472,26.6236,-0.01953178,1
2020-06,0.48475,0.16465,0.045482,0.032526,0.284137,0.00298,-0.017683,0.040676,0.103516,7.9761,6.2836,2.6696,3.1077,20.1886,33.2251,26.5489,-0.00688529,1
2020-07,0.509644,0.579276,-0.083596,0.029564,0.108025,-0.002796,0.111062,0.078315,0.258323,7.9707,6.2818,2.9078,3.1615,20.0708,33.1007,26.5063,0.01074664,1
2020-08,0.373134,0.386329,0.004519,0.017862,0.05049,-0.006528,0.184308,0.057056,0.049066,7.8535,6.2796,3.0267,3.1459,20.0799,33.0112,26.6028,0.01635982,1
2020-09,0.262614,0.190372,-0.030464,0.034911,0.067976,0.040232,0.140953,0.034808,-0.013651,7.8223,6.2776,3.0192,3.1246,20.2529,32.9501,26.5528,-0.01215145,1
2020-10,0.123848,0.138696,0.014715,0.017251,-0.027703,0.009051,0.057747,0.034542,0.02561,7.781,6.3038,3.0339,3.1478,20.3228,32.9164,26.4941,-0.00736572,1
2020-11,0.227413,0.250644,-0.00855,0.007636,0.007692,0.020376,0.038416,0.042701,0.116751,7.7953,6.3184,2.9885,3.116,20.3373,32.9178,26.5263,0.00239163,1
2020-12,0.434631,0.133343,0.036116,0.023685,0.255369,0.00854,0.045714,0.037006,0.016504,7.7527,6.3299,2.9188,3.1252,20.2787,32.9533,26.6412,0.01169657,1
2021-01,0.244996,0.017016,0.000154,0.021477,0.210384,-0.013968,0.004681,0.043217,-0.058937,7.772,6.347,3.02,3.135,20.2,32.95,26.576,0.03798802,1
2021-02,0.339568,0.150155,0.00864,0.003336,0.163428,0.034405,-0.018587,0.051298,0.098439,7.7654,6.3415,3.2139,3.1352,20.2052,32.8675,26.4717,-0.00139145,1
2021-03,0.524321,0.245944,0.003399,0.007496,0.278809,0.025455,0.043477,0.082173,0.107821,7.7418,6.3103,3.4179,3.1428,20.1722,32.7657,26.4494,-0.0243072,1
2021-04,0.623865,0.810804,0.036302,0.019223,-0.119295,0.04975,0.358833,0.125684,0.14985,7.703,6.2734,3.7733,3.1256,20.1161,32.6473,26.3616,0.00351867,1
2021-05,0.663506,0.659578,0.027766,0.034368,0.055533,0.024279,0.33121,0.096991,0.118769,7.6863,6.2413,3.8084,3.1329,20.3257,32.5032,26.3023,-0.0254108,1
2021-06,0.846179,0.793567,0.060422,0.044168,0.110377,0.00761,0.38121,0.160676,0.095607,7.6478,6.2257,3.9286,3.1446,20.4737,32.3532,26.2264,-0.01389058,1
2021-07,0.461475,0.359084,0.042555,0.048558,0.061229,0.027665,0.062421,0.158242,0.030633,7.6336,6.2122,3.9786,3.1896,20.6939,32.2272,26.0647,0.0301732,1
2021-08,0.284293,0.125248,0.033182,0.02656,0.095977,0.033944,0.037542,0.05608,-0.032164,7.6446,6.2308,4.0549,3.2,20.673,32.2269,25.9701,0.03317117,1
2021-09,0.452552,0.251257,0.08389,0.03351,0.099817,0.040416,0.091784,0.133394,0.004381,7.6525,6.2444,4.0709,3.2234,20.7241,32.2069,25.878,-0.03464075,1
2021-10,0.96382,0.704331,0.077173,0.052262,0.196207,0.086305,0.294423,0.144297,0.092307,7.7161,6.2609,4.0796,3.2418,20.6863,32.2311,25.7842,0.02084601,1
2021-11,0.856626,0.617038,0.069697,0.037716,0.267691,-0.001165,0.231018,0.154699,0.086376,7.7336,6.2612,4.2065,3.2626,20.7554,32.0832,25.6977,0.01059455,1
2021-12,0.690523,0.625957,0.043652,0.037571,0.113641,0.002723,0.289526,0.127924,0.103338,7.722,6.2681,4.3041,3.238,20.768,32.0537,25.6463,-0.027852,1
2022-01,0.604604,0.552984,0.066507,0.034424,-0.003538,0.07862,0.212742,0.111913,0.092562,8.165,5.205,4.014,3.334,21.699,32.563,25.02,0.01137199,1
2022-02,0.692638,0.528671,0.107308,0.022915,0.137851,-0.001672,0.11575,0.161503,0.146965,8.1924,5.1957,3.9948,3.4183,21.8044,32.423,24.9715,0.00201761,1
2022-03,1.115641,0.271618,0.108046,0.013038,0.684566,0.063225,-0.082924,0.161446,0.166403,8.2339,5.1714,4.1725,3.3741,21.8149,32.3193,24.9137,0.00184035,1
2022-04,0.308335,0.504401,0.096571,0.02974,-0.270007,0.063215,-0.021602,0.170646,0.206112,8.2451,5.1161,4.9252,3.3695,21.513,32.0822,24.7487,0.03365911,1
2022-05,0.9485,0.533193,0.11586,0.037847,0.278564,0.103394,0.09518,0.190055,0.159186,8.3038,5.1173,4.8612,3.3936,21.4029,32.0689,24.8522,-0.03158661,1
2022-06,1.256102,0.680333,0.088798,0.048197,0.500533,0.107262,0.113668,0.209457,0.22605,8.3236,5.0989,5.1934,3.4718,21.2493,31.9213,24.7414,-0.03786138,1
2022-07,-0.014917,0.353001,0.111733,0.035631,-0.465881,0.011208,0.018603,0.186851,0.0417,8.295,5.0774,5.5973,3.6023,21.1217,31.7023,24.6036,0.0452381,1
2022-08,0.062391,0.490362,0.069877,0.044293,-0.528593,0.070722,0.054351,0.218521,0.093456,8.4133,5.1136,5.17,3.6121,21.1677,31.8846,24.6383,0.03976357,1
2022-09,0.424267,0.570253,0.043655,0.048739,-0.16311,0.043888,0.03366,0.242675,0.197304,8.4748,5.1597,4.5645,3.6799,21.2883,32.108,24.7245,-0.02254438,1
2022-10,0.559475,0.393326,0.04486,0.048727,0.196565,-0.036385,0.001779,0.245274,0.043913,8.5072,5.1973,4.3096,3.7008,21.1751,32.2619,24.8478,0.01474179,1
2022-11,0.261403,0.309286,0.042401,0.026605,-0.00116,-0.047946,-0.050479,0.216107,0.068032,8.5193,5.2248,4.448,3.611,21.0261,32.3464,24.8242,0.00784306,1
2022-12,0.015396,0.355948,0.032083,0.019859,-0.353594,0.046429,-0.034549,0.25206,0.108316,8.5246,5.2567,4.3079,3.5604,20.8818,32.5688,24.8993,-0.05520757,1
2023-01,0.531402,0.414076,0.031941,0.02961,0.073773,0.081751,0.031925,0.225754,0.022013,8.728,4.803,3.49,3.431,21.361,34.037,24.15,0.03463615,1
2023-02,0.342853,0.489357,0.022216,0.030401,-0.025608,-0.070663,0.028359,0.237885,0.118817,8.7267,4.7943,3.5556,3.5201,21.3252,34.0194,24.059,0.00144596,1
2023-03,0.123072,0.336706,-0.028131,0.028619,-0.076864,-0.064255,0.044464,0.195962,0.062168,8.7084,4.7979,3.5779,3.4173,21.323,34.1014,24.0738,-0.038892,1
2023-04,0.339274,0.454535,0.009886,0.017775,-0.011819,-0.037418,0.094717,0.158163,0.060622,8.6635,4.8106,3.5878,3.3203,21.3441,34.2158,24.0579,0.04734812,1
2023-05,0.161469,0.364723,0.010668,0.022636,-0.127568,-0.037648,0.097628,0.178038,0.038131,8.6316,4.8041,3.7316,3.2468,21.3475,34.1946,24.0439,-0.02041634,1
2023-06,0.224175,0.217779,-0.003621,0.018459,0.026443,0.01002,-0.025411,0.166833,0.061556,8.6158,4.8146,3.6605,3.2135,21.3784,34.3041,24.0133,-0.03010292,1
2023-07,0.195715,0.206927,0.026339,0.008391,-0.010911,0.006514,-0.075991,0.161184,0.069754,8.5824,4.8175,3.6672,3.2836,21.3209,34.3584,23.9699,0.01043604,1
2023-08,0.483571,0.200673,0.01836,0.016573,0.286994,0.015211,-0.053823,0.091415,0.111486,8.5978,4.8167,3.6814,3.2799,21.2078,34.4411,23.9752,-0.00264518,1
2023-09,0.390092,0.309775,-0.005136,0.018988,0.118705,0.014899,-0.060557,0.218206,0.109342,8.5677,4.8122,3.888,3.2742,21.1175,34.3806,23.9597,-0.02435479,1
2023-10,0.136685,0.295615,0.025845,0.01801,-0.150652,0.006264,0.017487,0.123717,0.074772,8.5524,4.8192,3.9148,3.2704,20.9538,34.4921,23.9971,0.02124166,1
2023-11,0.146898,0.300202,-0.000958,0.021025,-0.146264,0.033338,-0.055579,0.160288,0.118885,8.58,4.8391,3.7237,3.2396,20.9139,34.5945,24.1091,0.01616434,1
2023-12,0.19244,0.257049,0.004862,0.015959,-0.043797,0.011282,-0.017125,0.149671,0.114641,8.5532,4.87,3.4731,3.2676,20.7812,34.7947,24.2603,-0.04305364,1
2024-01,0.309969,0.358882,0.018292,0.02511,-0.071825,0.04241,-0.054586,0.188436,0.092208,8.167,5.388,3.539,3.116,18.891,35.778,25.121,0.06992304,1
2024-02,0.409754,0.396094,0.006565,0.005143,0.066601,0.011727,0.030224,0.147153,0.133296,8.1772,5.3838,3.4671,3.1775,18.8202,35.809,25.1652,0.00904476,1
2024-03,0.443134,0.389145,-0.011244,0.013994,0.106916,0.018801,-0.014509,0.173532,0.203153,8.1384,5.3558,3.5879,3.1602,18.8049,35.7738,25.1788,-0.04750879,1
2024-04,0.217068,0.270525,0.009119,0.018543,-0.004982,-0.020937,-0.019964,0.130641,0.067107,8.085,5.3353,3.7753,3.1398,18.698,35.749,25.2177,0.03753985,1
2024-05,0.048559,0.140407,0.001584,0.018748,-0.082892,-0.002737,-0.025055,0.136056,0.045843,8.0611,5.3331,3.9396,3.0878,18.6058,35.7348,25.2378,-0.04298788,1
2024-06,-0.04183,0.09274,0.004426,0.022079,-0.145917,-0.002268,-0.033218,0.099692,0.030084,8.047,5.3429,3.9091,3.0918,18.5587,35.8311,25.2194,-0.01670843,1
2024-07,0.167708,0.172744,0.01851,0.01116,-0.003272,0.003263,-0.046061,0.133674,0.036606,8.0462,5.3632,3.7584,3.1565,18.5455,35.909,25.2213,0.01382763,1
2024-08,0.157222,0.253966,0.003,0.014024,-0.046354,-0.018422,-0.030252,0.1508,0.070662,8.0603,5.3681,3.7839,3.1517,18.4504,35.986,25.1994,0.01376383,1
2024-09,0.213334,0.307115,0.022561,0.018238,-0.100232,0.024,0.026365,0.103086,0.124433,8.0474,5.3778,3.6794,3.1241,18.4439,36.1087,25.2187,-0.0051172,1
2024-10,0.28564,0.311475,0.015996,0.012787,-0.017427,0.0251,0.007185,0.142565,0.086943,8.0703,5.3874,3.4945,3.1327,18.4838,36.1321,25.2993,0.01249096,1
2024-11,0.284193,0.287818,0.032146,0.015118,0.009872,-0.003165,0.035775,0.119529,0.054558,8.0723,5.3939,3.4319,3.1172,18.4128,36.1918,25.3798,0.02036051,1
2024-12,0.339938,0.186576,0.017599,0.01614,0.128869,0.024563,-0.001334,0.101478,0.075525,8.0707,5.412,3.3392,3.1031,18.3467,36.2987,25.4295,-0.02290347,1
2025-01,0.427262,0.426593,0.027263,0.013387,0.041597,0.016283,0.058984,0.117678,0.09554,8.043,5.648,3.122,3.094,19.388,35.0725,25.6325,0.05652934,1
2025-02,0.225106,0.254745,0.003577,0.021852,-0.034649,0.033214,0.037922,0.085812,0.068619,8.0569,5.6246,3.1632,3.1295,19.3717,35.0055,25.6485,0.00875834,1
2025-03,0.033158,0.069132,0.030964,0.020458,-0.117433,0.049703,-0.013215,0.085772,0.030538,8.0303,5.6215,3.1899,3.1397,19.3931,34.9752,25.6504,-0.05362902,1
2025-04,0.161671,0.23857,-0.018417,0.024935,-0.075564,0.040904,0.017647,0.123521,0.025164,8.0517,5.6293,3.1508,3.1616,19.3669,35.0145,25.625,0.02348211,1
2025-05,0.099281,0.130488,0.021993,0.017635,-0.061607,0.014688,-0.007342,0.089359,0.080731,8.0017,5.6366,3.2172,3.1704,19.3311,35.0246,25.618,-0.05617523,1
2025-06,0.254195,0.234022,0.017577,0.022527,0.005277,0.021668,0.035741,0.076417,0.094062,8.0017,5.6425,3.1885,3.1905,19.303,35.0595,25.6141,-0.01907285,1
2025-07,0.228351,0.312521,0.001353,0.015606,-0.035076,-0.005215,0.041153,0.078464,0.105432,7.9882,5.6458,3.1817,3.2712,19.3109,35.0009,25.601,0.02663394,1
2025-08,0.348264,0.309722,0.041105,0.016216,0.050194,-0.005096,0.042885,0.132623,0.059997,7.9821,5.6528,3.167,3.2555,19.2946,35.0136,25.6339,0.01033925,1
2025-09,0.29509,0.217774,0.022686,0.00796,0.107903,-0.014459,0.038442,0.076735,0.069393,7.9934,5.6528,3.1655,3.2352,19.3181,35.049,25.5859,-0.01356939,1
2025-11,0.252278,0.189154,-0.013707,0.02565,0.041807,0.048088,0.011802,0.072646,0.073666,8.0095,5.6464,3.1911,3.2012,19.3421,35.014,25.5956,-0.00767361,2
2025-12,0.297788,0.2329,0.050168,0.039444,-0.009717,0.031778,0.006091,0.13848,0.035152,7.9732,5.6839,3.1053,3.2099,19.2223,35.0858,25.7193,0.0063934,1
2026-01,0.170843,0.295045,0.015942,0.00802,-0.101613,0.006318,0.007908,0.069735,0.093351,8.3249,5.3729,3.1205,3.2625,19.1758,35.333,25.4105,0.07118136,1
2026-02,0.267003,0.21605,0.036662,0.016956,0.033478,0.005592,0.015564,0.065726,0.075516,8.3407,5.3611,3.0309,3.2946,19.1566,35.3208,25.4954,0.01750795,1
2026-03,0.865144,0.195795,-0.013674,0.012928,0.666921,0.013568,0.020575,0.105664,0.082623,8.3399,5.3529,3.1243,3.2756,19.1494,35.26,25.4981,-0.02346101,1
2026-04,0.640038,0.376461,0.056239,0.01209,0.216746,0.052386,0.006459,0.220561,0.057478,8.2496,5.3101,3.8557,3.2341,19.0028,35.0307,25.3172,0.01807922,1
2026-05,0.472914,0.208095,0.005213,0.01585,0.283733,0.01156,-0.02158,0.113886,0.144422,8.2341,5.2773,4.2378,3.2368,18.8565,34.9496,25.2078,-0.08017006,1
2026-06,-0.422482,-0.016661,0.015566,0.01206,-0.4313,-0.02248,-0.016102,0.046712,-0.027264,8.1872,5.26,4.5507,3.2402,18.7376,34.8622,25.1622,0.00032666,1
2026-07,0.073669,0.215435,-0.005889,0.016394,-0.12049,0.00853,0.037225,0.048185,0.046022,8.2309,5.2905,4.132,3.3001,18.8296,35.0156,25.2013,0.043693,1
2026-08,0.396018,0.289796,0.00305,0.013494,0.171519,-0.01416,0.019879,0.089072,0.101192,8.232,5.3074,4.0439,3.3032,18.8419,35.0547,25.2171,0.01197199,1
