dec_year,basis,node,official,estimated,est_minus_official,official_rolled,rolled_minus_official
1987,new,headline,100.0,100.0,0.0,,
1987,new,core,76.327,,,,
1987,new,food,16.055,,,,
1987,new,energy,7.618,,,,
1987,new,core_goods,25.76,,,,
1987,new,core_services,50.567,,,,
1987,new,commodities,45.531,,,,
1987,new,services,54.469,,,,
1987,new,food_home,9.864,,,,
1987,new,food_away,6.192,,,,
1987,new,energy_cmdty,3.716,,,,
1987,new,energy_svc,3.902,,,,
1987,new,rent_shelter,27.151,,,,
1987,new,svc_less_ros,27.318,,,,
1988,new,headline,100.0,100.0,0.0,,
1988,new,core,76.499,,,,
1988,new,food,16.171,,,,
1988,new,energy,7.33,,,,
1988,new,core_goods,25.65,,,,
1988,new,core_services,50.849,,,,
1988,new,commodities,45.298,,,,
1988,new,services,54.702,,,,
1988,new,food_home,9.98,,,,
1988,new,food_away,6.192,,,,
1988,new,energy_cmdty,3.477,,,,
1988,new,energy_svc,3.853,,,,
1988,new,rent_shelter,27.177,,,,
1988,new,svc_less_ros,27.525,,,,
1989,new,headline,100.0,100.0,0.0,,
1989,new,core,76.315,,,,
1989,new,food,16.318,,,,
1989,new,energy,7.366,,,,
1989,new,core_goods,25.188,,,,
1989,new,core_services,51.127,,,,
1989,new,commodities,45.088,,,,
1989,new,services,54.912,,,,
1989,new,food_home,10.129,,,,
1989,new,food_away,6.189,,,,
1989,new,energy_cmdty,3.581,,,,
1989,new,energy_svc,3.785,,,,
1989,new,rent_shelter,27.263,,,,
1989,new,svc_less_ros,27.649,,,,
1990,new,headline,100.0,100.0,0.0,,
1990,new,core,75.622,,,,
1990,new,food,16.188,16.2289,0.0409,,
1990,new,energy,8.191,7.979,-0.212,,
1990,new,core_goods,24.528,22.3814,-2.1466,,
1990,new,core_services,51.093,53.4107,2.3177,,
1990,new,commodities,45.287,44.564,-0.723,,
1990,new,services,54.713,55.436,0.723,,
1990,new,food_home,10.094,10.1373,0.0433,,
1990,new,food_away,6.094,6.0916,-0.0024,,
1990,new,energy_cmdty,4.571,4.4656,-0.1054,,
1990,new,energy_svc,3.62,3.5134,-0.1066,,
1990,new,rent_shelter,27.035,26.1035,-0.9315,,
1990,new,svc_less_ros,27.678,29.3325,1.6545,,
1991,new,headline,100.0,100.0,0.0,,
1991,new,core,76.633,,,,
1991,new,food,16.007,16.4327,0.4257,,
1991,new,energy,7.361,7.8409,0.4799,,
1991,new,core_goods,24.757,25.8089,1.0519,,
1991,new,core_services,51.876,49.9175,-1.9585,,
1991,new,commodities,44.487,45.8601,1.3731,,
1991,new,services,55.513,54.1399,-1.3731,,
1991,new,food_home,9.921,10.1216,0.2006,,
1991,new,food_away,6.085,6.3111,0.2261,,
1991,new,energy_cmdty,3.723,3.9607,0.2377,,
1991,new,energy_svc,3.638,3.8802,0.2422,,
1991,new,rent_shelter,27.273,27.8805,0.6075,,
1991,new,svc_less_ros,28.241,26.2594,-1.9816,,
1992,new,headline,100.0,100.0,0.0,,
1992,new,core,76.929,,,,
1992,new,food,15.777,14.7183,-1.0587,,
1992,new,energy,7.294,6.8838,-0.4102,,
1992,new,core_goods,24.656,25.956,1.3,,
1992,new,core_services,52.273,52.4419,0.1689,,
1992,new,commodities,44.095,44.5191,0.4241,,
1992,new,services,55.905,55.4809,-0.4241,,
1992,new,food_home,9.78,8.5983,-1.1817,,
1992,new,food_away,5.997,6.12,0.123,,
1992,new,energy_cmdty,3.662,3.4234,-0.2386,,
1992,new,energy_svc,3.632,3.4604,-0.1716,,
1992,new,rent_shelter,27.263,25.9301,-1.3329,,
1992,new,svc_less_ros,28.642,29.5509,0.9089,,
1993,new,headline,100.0,100.0,0.0,,
1993,new,core,77.208,,,,
1993,new,food,15.799,16.9848,1.1858,,
1993,new,energy,6.993,6.6038,-0.3892,,
1993,new,core_goods,24.369,22.5754,-1.7936,,
1993,new,core_services,52.839,53.836,0.997,,
1993,new,commodities,43.547,44.6307,1.0837,,
1993,new,services,56.453,55.3693,-1.0837,,
1993,new,food_home,9.853,10.0352,0.1822,,
1993,new,food_away,5.946,6.9497,1.0037,,
1993,new,energy_cmdty,3.38,3.2127,-0.1673,,
1993,new,energy_svc,3.613,3.3911,-0.2219,,
1993,new,rent_shelter,27.337,27.4876,0.1506,,
1993,new,svc_less_ros,29.116,27.8817,-1.2343,,
1994,new,headline,100.0,100.0,0.0,,
1994,new,core,77.197,,,,
1994,new,food,15.838,12.6087,-3.2293,,
1994,new,energy,6.965,7.3775,0.4125,,
1994,new,core_goods,24.082,27.4031,3.3211,,
1994,new,core_services,53.115,52.6107,-0.5043,,
1994,new,commodities,43.386,43.3773,-0.0087,,
1994,new,services,56.614,56.6227,0.0087,,
1994,new,food_home,9.934,7.6402,-2.2938,,
1994,new,food_away,5.904,4.9685,-0.9355,,
1994,new,energy_cmdty,3.466,3.7329,0.2669,,
1994,new,energy_svc,3.499,3.6446,0.1456,,
1994,new,rent_shelter,27.422,27.1948,-0.2272,,
1994,new,svc_less_ros,29.192,29.4278,0.2358,,
1995,new,headline,100.0,100.0,0.0,,
1995,new,core,77.534,,,,
1995,new,food,15.766,19.4559,3.6899,,
1995,new,energy,6.7,7.1283,0.4283,,
1995,new,core_goods,23.885,23.8855,0.0005,,
1995,new,core_services,53.648,49.5303,-4.1177,,
1995,new,commodities,42.916,42.8407,-0.0753,,
1995,new,services,57.084,57.1593,0.0753,,
1995,new,food_home,9.88,12.6222,2.7422,,
1995,new,food_away,5.886,6.8337,0.9477,,
1995,new,energy_cmdty,3.264,3.4722,0.2082,,
1995,new,energy_svc,3.436,3.6561,0.2201,,
1995,new,rent_shelter,27.671,28.1674,0.4964,,
1995,new,svc_less_ros,29.414,28.9919,-0.4221,,
1996,new,headline,100.0,100.0,0.0,,
1996,new,core,77.038,,,,
1996,new,food,15.913,16.9396,1.0266,,
1996,new,energy,7.049,6.6546,-0.3944,,
1996,new,core_goods,23.364,23.6113,0.2473,,
1996,new,core_services,53.674,52.7944,-0.8796,,
1996,new,commodities,42.873,42.7578,-0.1152,,
1996,new,services,57.127,57.2422,0.1152,,
1996,new,food_home,10.04,11.1313,1.0913,,
1996,new,food_away,5.873,5.8083,-0.0647,,
1996,new,energy_cmdty,3.596,3.3257,-0.2703,,
1996,new,energy_svc,3.453,3.3289,-0.1241,,
1996,new,rent_shelter,27.577,25.3881,-2.1889,,
1996,new,svc_less_ros,29.55,31.854,2.304,,
1997,new,headline,100.0,100.0,0.0,,
1997,new,core,77.661,,,,
1997,new,food,15.326,12.9825,-2.3435,,
1997,new,energy,7.013,7.3022,0.2892,,
1997,new,core_goods,24.053,25.0093,0.9563,,
1997,new,core_services,53.608,54.7061,1.0981,,
1997,new,commodities,42.635,43.9768,1.3418,,
1997,new,services,57.365,56.0232,-1.3418,,
1997,new,food_home,9.646,8.1738,-1.4722,,
1997,new,food_away,5.68,4.8086,-0.8714,,
1997,new,energy_cmdty,3.256,3.3802,0.1242,,
1997,new,energy_svc,3.757,3.922,0.165,,
1997,new,rent_shelter,29.41,29.1109,-0.2991,,
1997,new,svc_less_ros,27.955,26.9123,-1.0427,,
1998,new,headline,100.0,100.0,0.0,,
1998,new,core,78.284,,,,
1998,new,food,15.422,14.4601,-0.9619,,
1998,new,energy,6.294,6.5635,0.2695,,
1998,new,core_goods,23.967,24.4298,0.4628,,
1998,new,core_services,54.316,54.5466,0.2306,,
1998,new,commodities,42.109,44.5991,2.4901,,
1998,new,services,57.891,55.4009,-2.4901,,
1998,new,food_home,9.691,8.9398,-0.7512,,
1998,new,food_away,5.73,5.5204,-0.2096,,
1998,new,energy_cmdty,2.72,2.8365,0.1165,,
1998,new,energy_svc,3.574,3.7269,0.1529,,
1998,new,rent_shelter,29.912,25.7103,-4.2017,,
1998,new,svc_less_ros,27.979,29.6906,1.7116,,
1999,new,headline,100.0,100.0,0.0,,
1999,new,core,77.731,,,,
1999,new,food,15.315,17.144,1.829,,
1999,new,energy,6.954,7.1076,0.1536,,
1999,new,core_goods,23.393,23.4175,0.0245,,
1999,new,core_services,54.338,52.3308,-2.0072,,
1999,new,commodities,42.141,43.4436,1.3026,,
1999,new,services,57.859,56.5564,-1.3026,,
1999,new,food_home,9.603,12.3093,2.7063,,
1999,new,food_away,5.712,4.8347,-0.8773,,
1999,new,energy_cmdty,3.433,3.5002,0.0672,,
1999,new,energy_svc,3.521,3.6074,0.0864,,
1999,new,rent_shelter,29.865,29.8582,-0.0068,,
1999,new,svc_less_ros,27.994,26.6982,-1.2958,,
2000,new,headline,100.0,100.0,0.0,,
2000,new,core,77.102,,,,
2000,new,food,15.217,16.6936,1.4766,,
2000,new,energy,7.681,7.6137,-0.0673,,
2000,new,core_goods,22.768,22.1052,-0.6628,,
2000,new,core_services,54.334,53.5875,-0.7465,,
2000,new,commodities,41.828,42.1547,0.3267,,
2000,new,services,58.172,57.8453,-0.3267,,
2000,new,food_home,9.56,10.5975,1.0375,,
2000,new,food_away,5.658,6.0961,0.4381,,
2000,new,energy_cmdty,3.843,3.8102,-0.0328,,
2000,new,energy_svc,3.838,3.8035,-0.0345,,
2000,new,rent_shelter,29.885,30.1469,0.2619,,
2000,new,svc_less_ros,28.287,27.6985,-0.5885,,
2001,new,headline,100.0,100.0,0.0,,
2001,new,core,79.094,,,,
2001,new,food,14.688,13.4912,-1.1968,,
2001,new,energy,6.218,6.4746,0.2566,,
2001,new,core_goods,23.86,25.2934,1.4334,,
2001,new,core_services,55.234,54.7408,-0.4932,,
2001,new,commodities,41.3,41.5215,0.2215,,
2001,new,services,58.7,58.4785,-0.2215,,
2001,new,food_home,8.468,7.6462,-0.8218,,
2001,new,food_away,6.22,5.845,-0.375,,
2001,new,energy_cmdty,2.752,2.8623,0.1103,,
2001,new,energy_svc,3.466,3.6123,0.1463,,
2001,new,rent_shelter,31.169,30.2114,-0.9576,,
2001,new,svc_less_ros,27.531,28.2671,0.7361,,
2001,old,headline,100.0,100.0,0.0,100.0,0.0
2001,old,core,78.02,,,,
2001,old,food,15.403,16.893,1.49,15.3988,-0.0042
2001,old,energy,6.576,6.5199,-0.0561,6.5776,0.0016
2001,old,core_goods,22.366,21.7074,-0.6586,22.3583,-0.0077
2001,old,core_services,55.654,54.8857,-0.7683,55.6502,-0.0038
2001,old,commodities,40.624,40.9294,0.3054,40.6122,-0.0118
2001,old,services,59.376,59.0616,-0.3144,59.3951,0.0191
2001,old,food_home,9.661,10.7115,1.0505,9.6622,0.0012
2001,old,food_away,5.743,6.1857,0.4427,5.7408,-0.0022
2001,old,energy_cmdty,2.855,2.8321,-0.0229,2.8565,0.0015
2001,old,energy_svc,3.721,3.6874,-0.0336,3.7208,-0.0002
2001,old,rent_shelter,30.671,30.9432,0.2722,30.6745,0.0035
2001,old,svc_less_ros,28.705,28.1058,-0.5992,28.7029,-0.0021
2002,new,headline,100.0,100.0,0.0,,
2002,new,core,78.724,,,,
2002,new,food,14.554,14.1644,-0.3896,,
2002,new,energy,6.723,6.734,0.011,,
2002,new,core_goods,22.945,22.9817,0.0367,,
2002,new,core_services,55.779,56.1198,0.3408,,
2002,new,commodities,40.822,40.9165,0.0945,,
2002,new,services,59.178,59.0835,-0.0945,,
2002,new,food_home,8.338,7.6525,-0.6855,,
2002,new,food_away,6.216,6.5119,0.2959,,
2002,new,energy_cmdty,3.324,3.3449,0.0209,,
2002,new,energy_svc,3.399,3.3892,-0.0098,,
2002,new,rent_shelter,31.364,31.6709,0.3069,,
2002,new,svc_less_ros,27.815,27.4127,-0.4023,,
2003,new,headline,100.0,100.0,0.0,,
2003,new,core,78.537,,,,
2003,new,food,14.383,16.6049,2.2219,,
2003,new,energy,7.08,7.0441,-0.0359,,
2003,new,core_goods,22.254,22.4536,0.1996,,
2003,new,core_services,56.283,53.8974,-2.3856,,
2003,new,commodities,40.117,39.1911,-0.9259,,
2003,new,services,59.883,60.8089,0.9259,,
2003,new,food_home,8.256,9.3004,1.0444,,
2003,new,food_away,6.127,7.3045,1.1775,,
2003,new,energy_cmdty,3.48,3.4669,-0.0131,,
2003,new,energy_svc,3.6,3.5773,-0.0227,,
2003,new,rent_shelter,32.494,34.0377,1.5437,,
2003,new,svc_less_ros,27.389,26.7712,-0.6178,,
2003,old,headline,100.0,100.0,0.0,100.0,0.0
2003,old,core,78.143,,,,
2003,old,food,14.801,14.3971,-0.4039,14.793,-0.008
2003,old,energy,7.056,7.0655,0.0095,7.0538,-0.0022
2003,old,core_goods,21.965,22.0037,0.0387,21.9683,0.0033
2003,old,core_services,56.178,56.513,0.335,56.1692,-0.0088
2003,old,commodities,40.254,40.3494,0.0954,40.2563,0.0023
2003,old,services,59.746,59.6356,-0.1104,59.731,-0.015
2003,old,food_home,8.558,7.8526,-0.7054,8.5559,-0.0021
2003,old,food_away,6.243,6.5408,0.2978,6.2435,0.0005
2003,old,energy_cmdty,3.488,3.5089,0.0209,3.487,-0.001
2003,old,energy_svc,3.568,3.5549,-0.0131,3.5651,-0.0029
2003,old,rent_shelter,31.47,31.7707,0.3007,31.4624,-0.0076
2003,old,svc_less_ros,28.276,27.871,-0.405,28.2795,0.0035
2004,new,headline,100.0,100.0,0.0,,
2004,new,core,77.714,,,,
2004,new,food,14.295,11.3431,-2.9519,,
2004,new,energy,7.991,7.9619,-0.0291,,
2004,new,core_goods,21.674,21.549,-0.125,,
2004,new,core_services,56.04,59.146,3.106,,
2004,new,commodities,40.239,41.1667,0.9277,,
2004,new,services,59.761,58.8333,-0.9277,,
2004,new,food_home,8.183,6.4487,-1.7343,,
2004,new,food_away,6.113,4.8943,-1.2187,,
2004,new,energy_cmdty,4.269,4.2298,-0.0392,,
2004,new,energy_svc,3.722,3.7321,0.0101,,
2004,new,rent_shelter,32.3,31.6844,-0.6156,,
2004,new,svc_less_ros,27.462,27.1489,-0.3131,,
2005,new,headline,100.0,100.0,0.0,,
2005,new,core,77.373,,,,
2005,new,food,13.942,16.1361,2.1941,,
2005,new,energy,8.685,8.8415,0.1565,,
2005,new,core_goods,22.319,21.8677,-0.4513,,
2005,new,core_services,55.055,53.1546,-1.9004,,
2005,new,commodities,40.79,41.2622,0.4722,,
2005,new,services,59.21,58.7378,-0.4722,,
2005,new,food_home,7.988,9.0361,1.0481,,
2005,new,food_away,5.953,7.1,1.147,,
2005,new,energy_cmdty,4.53,4.6038,0.0738,,
2005,new,energy_svc,4.155,4.2377,0.0827,,
2005,new,rent_shelter,31.884,32.1098,0.2258,,
2005,new,svc_less_ros,27.325,26.6279,-0.6971,,
2006,new,headline,100.0,100.0,0.0,,
2006,new,core,77.401,,,,
2006,new,food,13.885,13.7492,-0.1358,,
2006,new,energy,8.715,8.7059,-0.0091,,
2006,new,core_goods,21.735,21.8008,0.0658,,
2006,new,core_services,55.666,55.744,0.078,,
2006,new,commodities,40.305,40.4831,0.1781,,
2006,new,services,59.695,59.5169,-0.1781,,
2006,new,food_home,7.896,8.0051,0.1091,,
2006,new,food_away,5.989,5.7441,-0.2449,,
2006,new,energy_cmdty,4.685,4.692,0.007,,
2006,new,energy_svc,4.03,4.0139,-0.0161,,
2006,new,rent_shelter,32.407,32.3743,-0.0327,,
2006,new,svc_less_ros,27.288,27.1426,-0.1454,,
2007,new,headline,100.0,100.0,0.0,,
2007,new,core,76.469,,,,
2007,new,food,13.833,13.836,0.003,,
2007,new,energy,9.698,9.6975,-0.0005,,
2007,new,core_goods,21.602,21.6137,0.0117,,
2007,new,core_services,54.867,54.8527,-0.0143,,
2007,new,commodities,41.269,41.2715,0.0025,,
2007,new,services,58.731,58.7285,-0.0025,,
2007,new,food_home,7.66,7.6599,-0.0001,,
2007,new,food_away,6.173,6.1761,0.0031,,
2007,new,energy_cmdty,5.834,5.8337,-0.0003,,
2007,new,energy_svc,3.864,3.8639,-0.0001,,
2007,new,rent_shelter,32.271,32.2685,-0.0025,,
2007,new,svc_less_ros,26.46,26.46,0.0,,
2007,old,headline,100.0,100.0,0.0,100.0,0.0
2007,old,core,76.172,,,,
2007,old,food,13.995,13.8608,-0.1342,13.9975,0.0025
2007,old,energy,9.833,9.8236,-0.0094,9.8338,0.0008
2007,old,core_goods,20.902,20.963,0.061,20.8995,-0.0025
2007,old,core_services,55.27,55.351,0.081,55.273,0.003
2007,old,commodities,40.725,40.9139,0.1889,40.7339,0.0089
2007,old,services,59.275,59.0857,-0.1893,59.2625,-0.0125
2007,old,food_home,8.012,8.123,0.111,8.0122,0.0002
2007,old,food_away,5.983,5.7381,-0.2449,5.9827,-0.0003
2007,old,energy_cmdty,5.828,5.8349,0.0069,5.8262,-0.0018
2007,old,energy_svc,4.005,3.9891,-0.0159,4.0051,0.0001
2007,old,rent_shelter,32.119,32.0785,-0.0405,32.1109,-0.0081
2007,old,svc_less_ros,27.156,27.0058,-0.1502,27.1505,-0.0055
2008,new,headline,100.0,100.0,0.0,,
2008,new,core,77.746,,,,
2008,new,food,14.629,14.6144,-0.0146,,
2008,new,energy,7.624,7.6222,-0.0018,,
2008,new,core_goods,21.461,21.4693,0.0083,,
2008,new,core_services,56.285,56.2942,0.0092,,
2008,new,commodities,39.556,39.5633,0.0073,,
2008,new,services,60.444,60.4367,-0.0073,,
2008,new,food_home,8.156,8.147,-0.009,,
2008,new,food_away,6.474,6.4673,-0.0067,,
2008,new,energy_cmdty,3.465,3.4641,-0.0009,,
2008,new,energy_svc,4.159,4.1581,-0.0009,,
2008,new,rent_shelter,32.867,32.8598,-0.0072,,
2008,new,svc_less_ros,27.577,27.577,-0.0,,
2009,new,headline,100.0,100.0,0.0,,
2009,new,core,77.708,,,,
2009,new,food,13.738,13.7533,0.0153,,
2009,new,energy,8.553,8.5562,0.0032,,
2009,new,core_goods,21.276,21.2823,0.0063,,
2009,new,core_services,56.432,56.4082,-0.0238,,
2009,new,commodities,39.816,39.813,-0.003,,
2009,new,services,60.184,60.187,0.003,,
2009,new,food_home,7.801,7.8048,0.0038,,
2009,new,food_away,5.937,5.9485,0.0115,,
2009,new,energy_cmdty,4.801,4.8028,0.0018,,
2009,new,energy_svc,3.752,3.7533,0.0013,,
2009,new,rent_shelter,31.942,31.9474,0.0054,,
2009,new,svc_less_ros,28.243,28.2396,-0.0034,,
2010,new,headline,100.0,100.0,0.0,,
2010,new,core,77.179,,,,
2010,new,food,13.742,13.7308,-0.0112,,
2010,new,energy,9.079,9.0786,-0.0004,,
2010,new,core_goods,20.882,20.9118,0.0298,,
2010,new,core_services,56.297,56.2788,-0.0182,,
2010,new,commodities,40.012,40.0126,0.0006,,
2010,new,services,59.988,59.9874,-0.0006,,
2010,new,food_home,7.816,7.8115,-0.0045,,
2010,new,food_away,5.926,5.9193,-0.0067,,
2010,new,energy_cmdty,5.388,5.3875,-0.0005,,
2010,new,energy_svc,3.691,3.6911,0.0001,,
2010,new,rent_shelter,31.607,31.6104,0.0034,,
2010,new,svc_less_ros,28.382,28.377,-0.005,,
2011,new,headline,100.0,100.0,0.0,,
2011,new,core,76.013,,,,
2011,new,food,14.308,13.9634,-0.3446,,
2011,new,energy,9.679,9.6645,-0.0145,,
2011,new,core_goods,19.852,19.9919,0.1399,,
2011,new,core_services,56.161,56.3802,0.2192,,
2011,new,commodities,39.966,39.9642,-0.0018,,
2011,new,services,60.034,60.0358,0.0018,,
2011,new,food_home,8.638,8.4303,-0.2077,,
2011,new,food_away,5.669,5.5331,-0.1359,,
2011,new,energy_cmdty,5.806,5.7967,-0.0093,,
2011,new,energy_svc,3.873,3.8678,-0.0052,,
2011,new,rent_shelter,31.19,31.1811,-0.0089,,
2011,new,svc_less_ros,28.844,28.8547,0.0107,,
2012,new,headline,100.0,100.0,0.0,,
2012,new,core,76.127,,,,
2012,new,food,14.312,14.3239,0.0119,,
2012,new,energy,9.561,9.56,-0.001,,
2012,new,core_goods,19.574,19.5748,0.0008,,
2012,new,core_services,56.553,56.5412,-0.0118,,
2012,new,commodities,39.68,39.679,-0.001,,
2012,new,services,60.32,60.321,0.001,,
2012,new,food_home,8.598,8.606,0.008,,
2012,new,food_away,5.713,5.7179,0.0049,,
2012,new,energy_cmdty,5.795,5.794,-0.001,,
2012,new,energy_svc,3.767,3.766,-0.001,,
2012,new,rent_shelter,31.327,31.3503,0.0233,,
2012,new,svc_less_ros,28.993,28.9708,-0.0222,,
2013,new,headline,100.0,100.0,0.0,,
2013,new,core,77.063,,,,
2013,new,food,13.891,13.8965,0.0055,,
2013,new,energy,9.046,9.0442,-0.0018,,
2013,new,core_goods,19.71,19.7214,0.0114,,
2013,new,core_services,57.353,57.3378,-0.0152,,
2013,new,commodities,38.942,38.9458,0.0038,,
2013,new,services,61.058,61.0542,-0.0038,,
2013,new,food_home,8.187,8.1874,0.0004,,
2013,new,food_away,5.704,5.7091,0.0051,,
2013,new,energy_cmdty,5.34,5.3396,-0.0004,,
2013,new,energy_svc,3.705,3.7047,-0.0003,,
2013,new,rent_shelter,31.671,31.6624,-0.0086,,
2013,new,svc_less_ros,29.387,29.3917,0.0047,,
2014,new,headline,100.0,100.0,0.0,,
2014,new,core,77.713,,,,
2014,new,food,14.257,14.241,-0.016,,
2014,new,energy,8.03,8.0279,-0.0021,,
2014,new,core_goods,19.408,19.4196,0.0116,,
2014,new,core_services,58.305,58.3115,0.0065,,
2014,new,commodities,37.88,37.8761,-0.0039,,
2014,new,services,62.12,62.1239,0.0039,,
2014,new,food_home,8.427,8.4165,-0.0105,,
2014,new,food_away,5.83,5.8245,-0.0055,,
2014,new,energy_cmdty,4.215,4.2139,-0.0011,,
2014,new,energy_svc,3.815,3.8139,-0.0011,,
2014,new,rent_shelter,32.336,32.3377,0.0017,,
2014,new,svc_less_ros,29.784,29.7862,0.0022,,
2015,new,headline,100.0,100.0,0.0,,
2015,new,core,79.169,,,,
2015,new,food,14.015,14.0143,-0.0007,,
2015,new,energy,6.816,6.8168,0.0008,,
2015,new,core_goods,19.613,19.6155,0.0025,,
2015,new,core_services,59.556,59.5534,-0.0026,,
2015,new,commodities,36.856,36.863,0.007,,
2015,new,services,63.144,63.137,-0.007,,
2015,new,food_home,8.23,8.2292,-0.0008,,
2015,new,food_away,5.785,5.785,0.0,,
2015,new,energy_cmdty,3.228,3.2277,-0.0003,,
2015,new,energy_svc,3.588,3.5891,0.0011,,
2015,new,rent_shelter,32.801,32.7962,-0.0048,,
2015,new,svc_less_ros,30.343,30.3409,-0.0021,,
2016,new,headline,100.0,100.0,0.0,,
2016,new,core,79.263,,,,
2016,new,food,13.698,13.7167,0.0187,,
2016,new,energy,7.039,7.0442,0.0052,,
2016,new,core_goods,19.101,19.1001,-0.0009,,
2016,new,core_services,60.162,60.139,-0.023,,
2016,new,commodities,36.246,36.2394,-0.0066,,
2016,new,services,63.754,63.7606,0.0066,,
2016,new,food_home,7.899,7.9082,0.0092,,
2016,new,food_away,5.799,5.8085,0.0095,,
2016,new,energy_cmdty,3.447,3.4492,0.0022,,
2016,new,energy_svc,3.592,3.595,0.003,,
2016,new,rent_shelter,33.309,33.3185,0.0095,,
2016,new,svc_less_ros,30.445,30.4421,-0.0029,,
2017,new,headline,100.0,100.0,0.0,,
2017,new,core,79.103,,,,
2017,new,food,13.384,13.379,-0.005,,
2017,new,energy,7.513,7.513,0.0,,
2017,new,core_goods,19.849,19.8437,-0.0053,,
2017,new,core_services,59.254,59.2642,0.0102,,
2017,new,commodities,37.327,37.3287,0.0017,,
2017,new,services,62.673,62.6713,-0.0017,,
2017,new,food_home,7.382,7.3805,-0.0015,,
2017,new,food_away,6.002,5.9985,-0.0035,,
2017,new,energy_cmdty,4.094,4.0939,-0.0001,,
2017,new,energy_svc,3.419,3.4191,0.0001,,
2017,new,rent_shelter,32.468,32.4766,0.0086,,
2017,new,svc_less_ros,30.205,30.1947,-0.0103,,
2018,new,headline,100.0,100.0,0.0,,
2018,new,core,79.312,,,,
2018,new,food,13.341,13.2966,-0.0444,,
2018,new,energy,7.347,7.3478,0.0008,,
2018,new,core_goods,19.503,19.5287,0.0257,,
2018,new,core_services,59.809,59.8269,0.0179,,
2018,new,commodities,36.791,36.8009,0.0099,,
2018,new,services,63.209,63.1991,-0.0099,,
2018,new,food_home,7.286,7.2609,-0.0251,,
2018,new,food_away,6.055,6.0358,-0.0192,,
2018,new,energy_cmdty,3.947,3.9473,0.0003,,
2018,new,energy_svc,3.4,3.4005,0.0005,,
2018,new,rent_shelter,32.884,32.8713,-0.0127,,
2018,new,svc_less_ros,30.325,30.3278,0.0028,,
2019,new,headline,100.0,100.0,0.0,,
2019,new,core,79.524,,,,
2019,new,food,13.771,13.7818,0.0108,,
2019,new,energy,6.706,6.7067,0.0007,,
2019,new,core_goods,20.137,20.1319,-0.0051,,
2019,new,core_services,59.387,59.3795,-0.0075,,
2019,new,commodities,37.518,37.512,-0.006,,
2019,new,services,62.482,62.488,0.006,,
2019,new,food_home,7.579,7.5846,0.0056,,
2019,new,food_away,6.191,6.1972,0.0062,,
2019,new,energy_cmdty,3.61,3.6103,0.0003,,
2019,new,energy_svc,3.096,3.0964,0.0004,,
2019,new,rent_shelter,32.787,32.7819,-0.0051,,
2019,new,svc_less_ros,29.696,29.7061,0.0101,,
2020,new,headline,100.0,100.0,0.0,,
2020,new,core,79.726,,,,
2020,new,food,14.119,14.1035,-0.0155,,
2020,new,energy,6.155,6.1527,-0.0023,,
2020,new,core_goods,20.2,20.2093,0.0093,,
2020,new,core_services,59.526,59.5345,0.0085,,
2020,new,commodities,37.339,37.3379,-0.0011,,
2020,new,services,62.661,62.6621,0.0011,,
2020,new,food_home,7.772,7.7585,-0.0135,,
2020,new,food_away,6.347,6.345,-0.002,,
2020,new,energy_cmdty,3.02,3.019,-0.001,,
2020,new,energy_svc,3.135,3.1337,-0.0013,,
2020,new,rent_shelter,32.95,32.961,0.011,,
2020,new,svc_less_ros,29.711,29.7011,-0.0099,,
2021,new,headline,100.0,100.0,0.0,,
2021,new,core,79.282,,,,
2021,new,food,13.37,13.3791,0.0091,,
2021,new,energy,7.348,7.3485,0.0005,,
2021,new,core_goods,21.699,21.7007,0.0017,,
2021,new,core_services,57.583,57.5717,-0.0113,,
2021,new,commodities,39.083,39.0889,0.0059,,
2021,new,services,60.917,60.9111,-0.0059,,
2021,new,food_home,8.165,8.1709,0.0059,,
2021,new,food_away,5.205,5.2082,0.0032,,
2021,new,energy_cmdty,4.014,4.0146,0.0006,,
2021,new,energy_svc,3.334,3.3338,-0.0002,,
2021,new,rent_shelter,32.563,32.5596,-0.0034,,
2021,new,svc_less_ros,28.354,28.3515,-0.0025,,
2021,old,headline,100.0,100.0,0.0,100.0,0.0
2021,old,core,78.546,,,,
2021,old,food,14.018,14.0031,-0.0149,14.0185,0.0005
2021,old,energy,7.435,7.4323,-0.0027,7.435,0.0
2021,old,core_goods,20.889,20.899,0.01,20.8893,0.0003
2021,old,core_services,57.657,57.6658,0.0088,57.6576,0.0006
2021,old,commodities,39.11,39.1091,-0.0009,39.1102,0.0002
2021,old,services,60.89,60.8911,0.0011,60.8901,0.0001
2021,old,food_home,7.732,7.7188,-0.0132,7.7322,0.0002
2021,old,food_away,6.287,6.2843,-0.0027,6.2864,-0.0006
2021,old,energy_cmdty,4.203,4.2009,-0.0021,4.2024,-0.0006
2021,old,energy_svc,3.233,3.2313,-0.0017,3.2326,-0.0004
2021,old,rent_shelter,32.073,32.0837,0.0107,32.073,-0.0
2021,old,svc_less_ros,28.817,28.8075,-0.0095,28.8171,0.0001
2022,new,headline,100.0,100.0,0.0,,
2022,new,core,79.548,,,,
2022,new,food,13.531,13.5245,-0.0065,,
2022,new,energy,6.921,6.9228,0.0018,,
2022,new,core_goods,21.361,21.3586,-0.0024,,
2022,new,core_services,58.187,58.1941,0.0071,,
2022,new,commodities,38.382,38.3772,-0.0048,,
2022,new,services,61.618,61.6228,0.0048,,
2022,new,food_home,8.728,8.7233,-0.0047,,
2022,new,food_away,4.803,4.8012,-0.0018,,
2022,new,energy_cmdty,3.49,3.4911,0.0011,,
2022,new,energy_svc,3.431,3.4317,0.0007,,
2022,new,rent_shelter,34.037,34.035,-0.002,,
2022,new,svc_less_ros,27.581,27.5878,0.0068,,
2022,old,headline,100.0,100.0,0.0,100.0,0.0
2022,old,food,13.867,13.8762,0.0092,13.8668,-0.0002
2022,old,food_home,8.574,8.5801,0.0061,8.5739,-0.0001
2022,old,food_away,5.293,5.2961,0.0031,5.2929,-0.0001
2022,old,energy_svc,3.62,3.6206,0.0006,3.6208,0.0008
2023,new,headline,100.0,100.0,0.0,,
2023,new,core,79.79,,,,
2023,new,food,13.555,13.5956,0.0406,,
2023,new,energy,6.655,6.6595,0.0045,,
2023,new,core_goods,18.891,18.8812,-0.0098,,
2023,new,core_services,60.899,60.8637,-0.0353,,
2023,new,commodities,35.985,35.9873,0.0023,,
2023,new,services,64.015,64.0127,-0.0023,,
2023,new,food_home,8.167,8.1902,0.0232,,
2023,new,food_away,5.388,5.4054,0.0174,,
2023,new,energy_cmdty,3.539,3.5404,0.0014,,
2023,new,energy_svc,3.116,3.1192,0.0032,,
2023,new,rent_shelter,35.778,35.7769,-0.0011,,
2023,new,svc_less_ros,28.237,28.2359,-0.0011,,
2023,old,headline,100.0,100.0,0.0,100.0,0.0
2023,old,food,13.447,13.4398,-0.0072,13.4463,-0.0007
2023,old,food_home,8.555,8.5509,-0.0041,8.5555,0.0005
2023,old,food_away,4.891,4.8889,-0.0021,4.8908,-0.0002
2023,old,energy_svc,3.282,3.2833,0.0013,3.2826,0.0006
2024,new,headline,100.0,100.0,0.0,,
2024,new,core,80.094,,,,
2024,new,food,13.691,13.6974,0.0064,,
2024,new,energy,6.216,6.223,0.007,,
2024,new,core_goods,19.388,19.3724,-0.0156,,
2024,new,core_services,60.705,60.7073,0.0023,,
2024,new,commodities,36.201,36.1858,-0.0152,,
2024,new,services,63.799,63.8142,0.0152,,
2024,new,food_home,8.043,8.0442,0.0012,,
2024,new,food_away,5.648,5.6532,0.0052,,
2024,new,energy_cmdty,3.122,3.1256,0.0036,,
2024,new,energy_svc,3.094,3.0974,0.0034,,
2024,new,rent_shelter,35.072,35.0805,0.0085,,
2024,new,svc_less_ros,28.726,28.7338,0.0078,,
2024,old,headline,100.0,100.0,0.0,100.0,0.0
2024,old,core,80.061,,,,
2024,old,food,13.505,13.5452,0.0402,13.5048,-0.0002
2024,old,energy,6.434,6.4387,0.0047,6.4343,0.0003
2024,old,core_goods,18.263,18.2533,-0.0097,18.2628,-0.0002
2024,old,core_services,61.799,61.7631,-0.0359,61.7989,-0.0001
2024,old,commodities,35.074,35.0763,0.0023,35.0741,0.0001
2024,old,services,64.925,64.9238,-0.0012,64.926,0.001
2024,old,food_home,8.078,8.1015,0.0235,8.0786,0.0006
2024,old,food_away,5.427,5.4437,0.0167,5.4262,-0.0008
2024,old,energy_cmdty,3.307,3.3078,0.0008,3.3066,-0.0004
2024,old,energy_svc,3.127,3.1305,0.0035,3.1273,0.0003
2024,old,rent_shelter,36.375,36.3742,-0.0008,36.3754,0.0004
2024,old,svc_less_ros,28.55,28.5495,-0.0005,28.5506,0.0006
2025,new,headline,100.0,100.0,0.0,,
2025,new,core,79.919,,,,
2025,new,food,13.698,13.6916,-0.0064,,
2025,new,energy,6.383,6.3822,-0.0008,,
2025,new,core_goods,19.176,19.1891,0.0131,,
2025,new,core_services,60.744,60.7371,-0.0069,,
2025,new,commodities,35.994,35.9977,0.0037,,
2025,new,services,64.006,64.0023,-0.0037,,
2025,new,food_home,8.325,8.3204,-0.0046,,
2025,new,food_away,5.373,5.3712,-0.0018,,
2025,new,energy_cmdty,3.12,3.1207,0.0007,,
2025,new,energy_svc,3.262,3.2615,-0.0005,,
2025,new,rent_shelter,35.333,35.3192,-0.0138,,
2025,new,svc_less_ros,28.673,28.6831,0.0101,,
2025,old,headline,100.0,100.0,0.0,100.0,0.0
2025,old,core,80.065,,,,
2025,old,food,13.743,13.7493,0.0063,13.7429,-0.0001
2025,old,energy,6.193,6.2002,0.0072,6.1933,0.0003
2025,old,core_goods,19.151,19.1352,-0.0158,19.1507,-0.0003
2025,old,core_services,60.913,60.9152,0.0022,60.9129,-0.0001
2025,old,commodities,35.843,35.8275,-0.0155,35.8426,-0.0004
2025,old,services,64.157,64.1726,0.0156,64.1573,0.0003
2025,old,food_home,8.018,8.0195,0.0015,8.0183,0.0003
2025,old,food_away,5.725,5.7298,0.0048,5.7246,-0.0004
2025,old,energy_cmdty,2.949,2.9524,0.0034,2.949,-0.0
2025,old,energy_svc,3.244,3.2479,0.0039,3.2443,0.0003
2025,old,rent_shelter,35.219,35.2275,0.0085,35.2195,0.0005
2025,old,svc_less_ros,28.938,28.9452,0.0072,28.9378,-0.0002
